site_id,part_id,snap_date,on_hand,on_order
S001,P001,2025-09-01,6,1
S001,P002,2025-09-01,35,9
S001,P003,2025-09-01,0,1
S001,P004,2025-09-01,2,1
S001,P005,2025-09-01,5,4
S001,P006,2025-09-01,9,7
S001,P007,2025-09-01,3,0
S001,P008,2025-09-01,6,1
S001,P009,2025-09-01,3,2
S001,P010,2025-09-01,7,5
S001,P011,2025-09-01,7,2
S001,P012,2025-09-01,1,2
S001,P013,2025-09-01,4,2
S001,P014,2025-09-01,7,2
S001,P015,2025-09-01,2,0
S001,P016,2025-09-01,2,3
S001,P017,2025-09-01,2,1
S001,P018,2025-09-01,3,2
S001,P019,2025-09-01,0,1
S001,P020,2025-09-01,2,0
S001,P021,2025-09-01,2,2
S001,P022,2025-09-01,23,7
S001,P023,2025-09-01,0,3
S001,P024,2025-09-01,3,1
S001,P025,2025-09-01,5,2
S001,P026,2025-09-01,1,1
S001,P027,2025-09-01,14,8
S001,P028,2025-09-01,2,2
S001,P029,2025-09-01,7,1
S001,P030,2025-09-01,7,1
S001,P031,2025-09-01,16,5
S001,P032,2025-09-01,3,3
S001,P033,2025-09-01,4,0
S001,P034,2025-09-01,9,5
S001,P035,2025-09-01,24,6
S001,P036,2025-09-01,1,0
S001,P037,2025-09-01,2,0
S001,P038,2025-09-01,5,1
S001,P039,2025-09-01,6,1
S001,P040,2025-09-01,14,3
S001,P041,2025-09-01,10,2
S001,P042,2025-09-01,9,3
S001,P043,2025-09-01,4,2
S001,P044,2025-09-01,3,2
S001,P045,2025-09-01,6,1
S001,P046,2025-09-01,14,7
S001,P047,2025-09-01,24,3
S001,P048,2025-09-01,0,0
S001,P049,2025-09-01,5,3
S001,P050,2025-09-01,39,18
S001,P051,2025-09-01,4,3
S001,P052,2025-09-01,0,0
S001,P053,2025-09-01,9,1
S001,P054,2025-09-01,1,2
S001,P055,2025-09-01,0,0
S001,P056,2025-09-01,3,5
S001,P057,2025-09-01,3,1
S001,P058,2025-09-01,6,0
S001,P059,2025-09-01,8,3
S001,P060,2025-09-01,6,5
S001,P061,2025-09-01,4,0
S001,P062,2025-09-01,5,2
S001,P063,2025-09-01,34,12
S001,P064,2025-09-01,2,1
S001,P065,2025-09-01,4,8
S001,P066,2025-09-01,10,1
S001,P067,2025-09-01,4,0
S001,P068,2025-09-01,5,0
S001,P069,2025-09-01,3,0
S001,P070,2025-09-01,5,1
S001,P071,2025-09-01,6,4
S001,P072,2025-09-01,7,3
S001,P073,2025-09-01,2,0
S001,P074,2025-09-01,4,0
S001,P075,2025-09-01,4,1
S001,P076,2025-09-01,11,3
S001,P077,2025-09-01,10,0
S001,P078,2025-09-01,4,4
S001,P079,2025-09-01,10,4
S001,P080,2025-09-01,18,5
S001,P081,2025-09-01,2,0
S001,P082,2025-09-01,0,1
S001,P083,2025-09-01,0,2
S001,P084,2025-09-01,7,4
S001,P085,2025-09-01,2,4
S001,P086,2025-09-01,7,3
S001,P087,2025-09-01,6,2
S001,P088,2025-09-01,21,4
S001,P089,2025-09-01,1,1
S001,P090,2025-09-01,5,1
S001,P091,2025-09-01,9,1
S001,P092,2025-09-01,4,1
S001,P093,2025-09-01,2,0
S001,P094,2025-09-01,6,1
S001,P095,2025-09-01,12,7
S001,P096,2025-09-01,7,6
S001,P097,2025-09-01,2,0
S001,P098,2025-09-01,13,4
S001,P099,2025-09-01,0,1
S001,P100,2025-09-01,11,2
S002,P001,2025-09-01,1,0
S002,P002,2025-09-01,6,0
S002,P003,2025-09-01,2,1
S002,P004,2025-09-01,1,0
S002,P005,2025-09-01,3,2
S002,P006,2025-09-01,1,1
S002,P007,2025-09-01,0,0
S002,P008,2025-09-01,0,0
S002,P009,2025-09-01,2,0
S002,P010,2025-09-01,5,0
S002,P011,2025-09-01,3,1
S002,P012,2025-09-01,2,0
S002,P013,2025-09-01,0,0
S002,P014,2025-09-01,0,0
S002,P015,2025-09-01,0,0
S002,P016,2025-09-01,0,2
S002,P017,2025-09-01,1,0
S002,P018,2025-09-01,0,0
S002,P019,2025-09-01,4,0
S002,P020,2025-09-01,0,1
S002,P021,2025-09-01,0,0
S002,P022,2025-09-01,5,4
S002,P023,2025-09-01,2,0
S002,P024,2025-09-01,6,0
S002,P025,2025-09-01,1,0
S002,P026,2025-09-01,0,1
S002,P027,2025-09-01,7,2
S002,P028,2025-09-01,2,0
S002,P029,2025-09-01,2,0
S002,P030,2025-09-01,1,0
S002,P031,2025-09-01,3,2
S002,P032,2025-09-01,0,1
S002,P033,2025-09-01,4,0
S002,P034,2025-09-01,3,1
S002,P035,2025-09-01,7,1
S002,P036,2025-09-01,1,3
S002,P037,2025-09-01,0,0
S002,P038,2025-09-01,0,0
S002,P039,2025-09-01,0,0
S002,P040,2025-09-01,3,1
S002,P041,2025-09-01,1,1
S002,P042,2025-09-01,5,0
S002,P043,2025-09-01,3,0
S002,P044,2025-09-01,0,0
S002,P045,2025-09-01,0,0
S002,P046,2025-09-01,6,0
S002,P047,2025-09-01,4,2
S002,P048,2025-09-01,0,0
S002,P049,2025-09-01,0,1
S002,P050,2025-09-01,6,1
S002,P051,2025-09-01,0,1
S002,P052,2025-09-01,0,0
S002,P053,2025-09-01,2,0
S002,P054,2025-09-01,3,1
S002,P055,2025-09-01,0,1
S002,P056,2025-09-01,0,2
S002,P057,2025-09-01,0,0
S002,P058,2025-09-01,2,0
S002,P059,2025-09-01,6,0
S002,P060,2025-09-01,0,0
S002,P061,2025-09-01,0,0
S002,P062,2025-09-01,0,0
S002,P063,2025-09-01,7,0
S002,P064,2025-09-01,6,0
S002,P065,2025-09-01,3,1
S002,P066,2025-09-01,2,0
S002,P067,2025-09-01,1,0
S002,P068,2025-09-01,2,0
S002,P069,2025-09-01,0,0
S002,P070,2025-09-01,0,0
S002,P071,2025-09-01,1,0
S002,P072,2025-09-01,3,0
S002,P073,2025-09-01,0,1
S002,P074,2025-09-01,1,0
S002,P075,2025-09-01,4,0
S002,P076,2025-09-01,3,0
S002,P077,2025-09-01,0,0
S002,P078,2025-09-01,1,3
S002,P079,2025-09-01,0,0
S002,P080,2025-09-01,3,2
S002,P081,2025-09-01,1,0
S002,P082,2025-09-01,2,0
S002,P083,2025-09-01,0,0
S002,P084,2025-09-01,0,0
S002,P085,2025-09-01,0,0
S002,P086,2025-09-01,2,0
S002,P087,2025-09-01,1,0
S002,P088,2025-09-01,0,2
S002,P089,2025-09-01,0,0
S002,P090,2025-09-01,1,0
S002,P091,2025-09-01,3,0
S002,P092,2025-09-01,3,0
S002,P093,2025-09-01,2,0
S002,P094,2025-09-01,0,0
S002,P095,2025-09-01,2,0
S002,P096,2025-09-01,2,0
S002,P097,2025-09-01,0,0
S002,P098,2025-09-01,0,0
S002,P099,2025-09-01,2,1
S002,P100,2025-09-01,2,0
S003,P001,2025-09-01,1,1
S003,P002,2025-09-01,7,2
S003,P003,2025-09-01,3,0
S003,P004,2025-09-01,0,1
S003,P005,2025-09-01,1,2
S003,P006,2025-09-01,2,1
S003,P007,2025-09-01,1,0
S003,P008,2025-09-01,1,2
S003,P009,2025-09-01,2,0
S003,P010,2025-09-01,1,0
S003,P011,2025-09-01,2,0
S003,P012,2025-09-01,1,0
S003,P013,2025-09-01,1,0
S003,P014,2025-09-01,0,0
S003,P015,2025-09-01,2,0
S003,P016,2025-09-01,1,0
S003,P017,2025-09-01,2,0
S003,P018,2025-09-01,2,0
S003,P019,2025-09-01,0,0
S003,P020,2025-09-01,0,0
S003,P021,2025-09-01,0,0
S003,P022,2025-09-01,3,2
S003,P023,2025-09-01,0,0
S003,P024,2025-09-01,0,0
S003,P025,2025-09-01,1,1
S003,P026,2025-09-01,0,0
S003,P027,2025-09-01,7,2
S003,P028,2025-09-01,2,0
S003,P029,2025-09-01,1,0
S003,P030,2025-09-01,0,0
S003,P031,2025-09-01,1,1
S003,P032,2025-09-01,1,0
S003,P033,2025-09-01,4,2
S003,P034,2025-09-01,5,0
S003,P035,2025-09-01,3,2
S003,P036,2025-09-01,3,0
S003,P037,2025-09-01,2,0
S003,P038,2025-09-01,1,0
S003,P039,2025-09-01,4,1
S003,P040,2025-09-01,5,1
S003,P041,2025-09-01,2,0
S003,P042,2025-09-01,5,1
S003,P043,2025-09-01,1,0
S003,P044,2025-09-01,2,0
S003,P045,2025-09-01,3,1
S003,P046,2025-09-01,5,1
S003,P047,2025-09-01,1,2
S003,P048,2025-09-01,1,0
S003,P049,2025-09-01,1,0
S003,P050,2025-09-01,6,3
S003,P051,2025-09-01,2,0
S003,P052,2025-09-01,0,0
S003,P053,2025-09-01,0,1
S003,P054,2025-09-01,0,0
S003,P055,2025-09-01,0,0
S003,P056,2025-09-01,4,1
S003,P057,2025-09-01,0,0
S003,P058,2025-09-01,1,1
S003,P059,2025-09-01,3,1
S003,P060,2025-09-01,2,0
S003,P061,2025-09-01,0,0
S003,P062,2025-09-01,1,0
S003,P063,2025-09-01,8,3
S003,P064,2025-09-01,1,0
S003,P065,2025-09-01,4,2
S003,P066,2025-09-01,1,0
S003,P067,2025-09-01,0,0
S003,P068,2025-09-01,0,0
S003,P069,2025-09-01,0,0
S003,P070,2025-09-01,0,0
S003,P071,2025-09-01,2,1
S003,P072,2025-09-01,1,1
S003,P073,2025-09-01,0,0
S003,P074,2025-09-01,3,2
S003,P075,2025-09-01,0,0
S003,P076,2025-09-01,2,1
S003,P077,2025-09-01,0,1
S003,P078,2025-09-01,2,1
S003,P079,2025-09-01,1,0
S003,P080,2025-09-01,4,3
S003,P081,2025-09-01,0,1
S003,P082,2025-09-01,1,1
S003,P083,2025-09-01,2,2
S003,P084,2025-09-01,1,1
S003,P085,2025-09-01,0,1
S003,P086,2025-09-01,5,0
S003,P087,2025-09-01,2,1
S003,P088,2025-09-01,4,0
S003,P089,2025-09-01,0,0
S003,P090,2025-09-01,1,0
S003,P091,2025-09-01,1,2
S003,P092,2025-09-01,1,0
S003,P093,2025-09-01,0,0
S003,P094,2025-09-01,1,0
S003,P095,2025-09-01,4,1
S003,P096,2025-09-01,3,3
S003,P097,2025-09-01,0,0
S003,P098,2025-09-01,0,0
S003,P099,2025-09-01,2,0
S003,P100,2025-09-01,4,2
S004,P001,2025-09-01,2,0
S004,P002,2025-09-01,7,4
S004,P003,2025-09-01,3,1
S004,P004,2025-09-01,0,0
S004,P005,2025-09-01,2,1
S004,P006,2025-09-01,5,0
S004,P007,2025-09-01,2,1
S004,P008,2025-09-01,4,0
S004,P009,2025-09-01,0,0
S004,P010,2025-09-01,1,2
S004,P011,2025-09-01,3,0
S004,P012,2025-09-01,0,1
S004,P013,2025-09-01,2,2
S004,P014,2025-09-01,2,1
S004,P015,2025-09-01,0,0
S004,P016,2025-09-01,0,0
S004,P017,2025-09-01,0,0
S004,P018,2025-09-01,2,0
S004,P019,2025-09-01,0,1
S004,P020,2025-09-01,0,1
S004,P021,2025-09-01,3,1
S004,P022,2025-09-01,4,1
S004,P023,2025-09-01,3,0
S004,P024,2025-09-01,1,0
S004,P025,2025-09-01,0,0
S004,P026,2025-09-01,0,1
S004,P027,2025-09-01,8,1
S004,P028,2025-09-01,0,0
S004,P029,2025-09-01,0,0
S004,P030,2025-09-01,1,1
S004,P031,2025-09-01,3,0
S004,P032,2025-09-01,1,1
S004,P033,2025-09-01,4,0
S004,P034,2025-09-01,5,0
S004,P035,2025-09-01,4,1
S004,P036,2025-09-01,2,0
S004,P037,2025-09-01,0,0
S004,P038,2025-09-01,0,0
S004,P039,2025-09-01,1,0
S004,P040,2025-09-01,3,1
S004,P041,2025-09-01,2,0
S004,P042,2025-09-01,0,0
S004,P043,2025-09-01,0,1
S004,P044,2025-09-01,0,0
S004,P045,2025-09-01,1,0
S004,P046,2025-09-01,9,2
S004,P047,2025-09-01,5,1
S004,P048,2025-09-01,0,0
S004,P049,2025-09-01,0,0
S004,P050,2025-09-01,2,1
S004,P051,2025-09-01,1,0
S004,P052,2025-09-01,2,0
S004,P053,2025-09-01,3,0
S004,P054,2025-09-01,2,0
S004,P055,2025-09-01,0,0
S004,P056,2025-09-01,2,1
S004,P057,2025-09-01,1,0
S004,P058,2025-09-01,1,0
S004,P059,2025-09-01,0,1
S004,P060,2025-09-01,1,0
S004,P061,2025-09-01,1,0
S004,P062,2025-09-01,0,0
S004,P063,2025-09-01,3,2
S004,P064,2025-09-01,1,1
S004,P065,2025-09-01,2,0
S004,P066,2025-09-01,0,0
S004,P067,2025-09-01,2,0
S004,P068,2025-09-01,1,1
S004,P069,2025-09-01,0,0
S004,P070,2025-09-01,5,0
S004,P071,2025-09-01,2,0
S004,P072,2025-09-01,0,0
S004,P073,2025-09-01,0,0
S004,P074,2025-09-01,3,1
S004,P075,2025-09-01,4,2
S004,P076,2025-09-01,4,2
S004,P077,2025-09-01,3,0
S004,P078,2025-09-01,2,0
S004,P079,2025-09-01,2,1
S004,P080,2025-09-01,10,1
S004,P081,2025-09-01,1,0
S004,P082,2025-09-01,0,1
S004,P083,2025-09-01,4,0
S004,P084,2025-09-01,0,0
S004,P085,2025-09-01,1,1
S004,P086,2025-09-01,3,0
S004,P087,2025-09-01,0,0
S004,P088,2025-09-01,6,2
S004,P089,2025-09-01,1,0
S004,P090,2025-09-01,3,0
S004,P091,2025-09-01,2,0
S004,P092,2025-09-01,0,2
S004,P093,2025-09-01,0,0
S004,P094,2025-09-01,0,1
S004,P095,2025-09-01,3,1
S004,P096,2025-09-01,4,2
S004,P097,2025-09-01,0,0
S004,P098,2025-09-01,0,1
S004,P099,2025-09-01,6,2
S004,P100,2025-09-01,7,0
S005,P001,2025-09-01,3,0
S005,P002,2025-09-01,7,2
S005,P003,2025-09-01,0,2
S005,P004,2025-09-01,1,0
S005,P005,2025-09-01,3,0
S005,P006,2025-09-01,3,0
S005,P007,2025-09-01,0,1
S005,P008,2025-09-01,5,1
S005,P009,2025-09-01,2,0
S005,P010,2025-09-01,7,0
S005,P011,2025-09-01,2,2
S005,P012,2025-09-01,2,0
S005,P013,2025-09-01,2,0
S005,P014,2025-09-01,0,0
S005,P015,2025-09-01,1,0
S005,P016,2025-09-01,1,2
S005,P017,2025-09-01,1,1
S005,P018,2025-09-01,0,0
S005,P019,2025-09-01,0,0
S005,P020,2025-09-01,1,1
S005,P021,2025-09-01,1,0
S005,P022,2025-09-01,4,1
S005,P023,2025-09-01,3,0
S005,P024,2025-09-01,5,0
S005,P025,2025-09-01,2,1
S005,P026,2025-09-01,3,0
S005,P027,2025-09-01,2,2
S005,P028,2025-09-01,2,0
S005,P029,2025-09-01,1,2
S005,P030,2025-09-01,0,0
S005,P031,2025-09-01,3,0
S005,P032,2025-09-01,2,0
S005,P033,2025-09-01,1,0
S005,P034,2025-09-01,2,0
S005,P035,2025-09-01,6,1
S005,P036,2025-09-01,4,0
S005,P037,2025-09-01,2,1
S005,P038,2025-09-01,0,0
S005,P039,2025-09-01,0,0
S005,P040,2025-09-01,2,0
S005,P041,2025-09-01,2,1
S005,P042,2025-09-01,4,1
S005,P043,2025-09-01,0,0
S005,P044,2025-09-01,0,0
S005,P045,2025-09-01,0,0
S005,P046,2025-09-01,3,1
S005,P047,2025-09-01,3,2
S005,P048,2025-09-01,0,1
S005,P049,2025-09-01,3,1
S005,P050,2025-09-01,7,3
S005,P051,2025-09-01,0,1
S005,P052,2025-09-01,2,1
S005,P053,2025-09-01,3,0
S005,P054,2025-09-01,1,0
S005,P055,2025-09-01,1,0
S005,P056,2025-09-01,2,1
S005,P057,2025-09-01,0,0
S005,P058,2025-09-01,1,1
S005,P059,2025-09-01,4,0
S005,P060,2025-09-01,3,1
S005,P061,2025-09-01,3,0
S005,P062,2025-09-01,0,0
S005,P063,2025-09-01,4,3
S005,P064,2025-09-01,0,0
S005,P065,2025-09-01,1,1
S005,P066,2025-09-01,6,0
S005,P067,2025-09-01,0,0
S005,P068,2025-09-01,3,2
S005,P069,2025-09-01,0,0
S005,P070,2025-09-01,0,1
S005,P071,2025-09-01,0,0
S005,P072,2025-09-01,1,0
S005,P073,2025-09-01,0,0
S005,P074,2025-09-01,2,0
S005,P075,2025-09-01,0,0
S005,P076,2025-09-01,0,1
S005,P077,2025-09-01,5,0
S005,P078,2025-09-01,4,1
S005,P079,2025-09-01,4,0
S005,P080,2025-09-01,6,0
S005,P081,2025-09-01,2,0
S005,P082,2025-09-01,1,0
S005,P083,2025-09-01,1,0
S005,P084,2025-09-01,4,1
S005,P085,2025-09-01,2,0
S005,P086,2025-09-01,3,1
S005,P087,2025-09-01,3,0
S005,P088,2025-09-01,1,0
S005,P089,2025-09-01,3,1
S005,P090,2025-09-01,0,0
S005,P091,2025-09-01,0,1
S005,P092,2025-09-01,0,0
S005,P093,2025-09-01,0,0
S005,P094,2025-09-01,2,1
S005,P095,2025-09-01,2,2
S005,P096,2025-09-01,1,2
S005,P097,2025-09-01,0,0
S005,P098,2025-09-01,2,1
S005,P099,2025-09-01,1,0
S005,P100,2025-09-01,0,1
S006,P001,2025-09-01,6,1
S006,P002,2025-09-01,36,11
S006,P003,2025-09-01,6,2
S006,P004,2025-09-01,2,1
S006,P005,2025-09-01,9,2
S006,P006,2025-09-01,13,5
S006,P007,2025-09-01,1,0
S006,P008,2025-09-01,9,3
S006,P009,2025-09-01,0,0
S006,P010,2025-09-01,9,4
S006,P011,2025-09-01,7,2
S006,P012,2025-09-01,6,2
S006,P013,2025-09-01,7,3
S006,P014,2025-09-01,11,2
S006,P015,2025-09-01,3,2
S006,P016,2025-09-01,4,1
S006,P017,2025-09-01,6,0
S006,P018,2025-09-01,4,0
S006,P019,2025-09-01,3,0
S006,P020,2025-09-01,2,1
S006,P021,2025-09-01,5,2
S006,P022,2025-09-01,21,9
S006,P023,2025-09-01,3,1
S006,P024,2025-09-01,4,0
S006,P025,2025-09-01,0,0
S006,P026,2025-09-01,4,0
S006,P027,2025-09-01,20,9
S006,P028,2025-09-01,5,2
S006,P029,2025-09-01,8,3
S006,P030,2025-09-01,4,3
S006,P031,2025-09-01,14,3
S006,P032,2025-09-01,7,1
S006,P033,2025-09-01,3,3
S006,P034,2025-09-01,9,6
S006,P035,2025-09-01,27,8
S006,P036,2025-09-01,0,1
S006,P037,2025-09-01,4,1
S006,P038,2025-09-01,2,2
S006,P039,2025-09-01,7,2
S006,P040,2025-09-01,13,6
S006,P041,2025-09-01,11,1
S006,P042,2025-09-01,3,3
S006,P043,2025-09-01,6,1
S006,P044,2025-09-01,1,1
S006,P045,2025-09-01,7,0
S006,P046,2025-09-01,15,8
S006,P047,2025-09-01,25,7
S006,P048,2025-09-01,0,2
S006,P049,2025-09-01,10,3
S006,P050,2025-09-01,26,14
S006,P051,2025-09-01,3,0
S006,P052,2025-09-01,0,2
S006,P053,2025-09-01,4,0
S006,P054,2025-09-01,3,1
S006,P055,2025-09-01,4,0
S006,P056,2025-09-01,14,8
S006,P057,2025-09-01,1,0
S006,P058,2025-09-01,6,3
S006,P059,2025-09-01,11,2
S006,P060,2025-09-01,14,3
S006,P061,2025-09-01,4,1
S006,P062,2025-09-01,1,0
S006,P063,2025-09-01,15,9
S006,P064,2025-09-01,7,1
S006,P065,2025-09-01,16,7
S006,P066,2025-09-01,3,2
S006,P067,2025-09-01,4,2
S006,P068,2025-09-01,4,1
S006,P069,2025-09-01,0,1
S006,P070,2025-09-01,4,3
S006,P071,2025-09-01,6,4
S006,P072,2025-09-01,7,4
S006,P073,2025-09-01,3,1
S006,P074,2025-09-01,4,1
S006,P075,2025-09-01,6,1
S006,P076,2025-09-01,7,5
S006,P077,2025-09-01,11,3
S006,P078,2025-09-01,9,3
S006,P079,2025-09-01,10,3
S006,P080,2025-09-01,13,11
S006,P081,2025-09-01,5,0
S006,P082,2025-09-01,6,0
S006,P083,2025-09-01,6,1
S006,P084,2025-09-01,5,2
S006,P085,2025-09-01,10,2
S006,P086,2025-09-01,7,2
S006,P087,2025-09-01,13,3
S006,P088,2025-09-01,14,5
S006,P089,2025-09-01,7,1
S006,P090,2025-09-01,1,2
S006,P091,2025-09-01,0,0
S006,P092,2025-09-01,2,0
S006,P093,2025-09-01,1,0
S006,P094,2025-09-01,3,2
S006,P095,2025-09-01,15,3
S006,P096,2025-09-01,24,8
S006,P097,2025-09-01,3,1
S006,P098,2025-09-01,8,3
S006,P099,2025-09-01,7,2
S006,P100,2025-09-01,9,2
S007,P001,2025-09-01,1,0
S007,P002,2025-09-01,4,0
S007,P003,2025-09-01,2,1
S007,P004,2025-09-01,1,0
S007,P005,2025-09-01,1,1
S007,P006,2025-09-01,1,2
S007,P007,2025-09-01,0,1
S007,P008,2025-09-01,6,0
S007,P009,2025-09-01,1,0
S007,P010,2025-09-01,2,0
S007,P011,2025-09-01,1,0
S007,P012,2025-09-01,2,0
S007,P013,2025-09-01,1,1
S007,P014,2025-09-01,0,0
S007,P015,2025-09-01,0,0
S007,P016,2025-09-01,2,1
S007,P017,2025-09-01,2,0
S007,P018,2025-09-01,0,0
S007,P019,2025-09-01,3,0
S007,P020,2025-09-01,1,1
S007,P021,2025-09-01,3,1
S007,P022,2025-09-01,1,2
S007,P023,2025-09-01,2,0
S007,P024,2025-09-01,3,0
S007,P025,2025-09-01,0,0
S007,P026,2025-09-01,0,1
S007,P027,2025-09-01,1,0
S007,P028,2025-09-01,0,0
S007,P029,2025-09-01,1,1
S007,P030,2025-09-01,0,1
S007,P031,2025-09-01,3,2
S007,P032,2025-09-01,0,1
S007,P033,2025-09-01,3,0
S007,P034,2025-09-01,0,0
S007,P035,2025-09-01,3,1
S007,P036,2025-09-01,4,0
S007,P037,2025-09-01,3,0
S007,P038,2025-09-01,0,0
S007,P039,2025-09-01,3,0
S007,P040,2025-09-01,1,0
S007,P041,2025-09-01,3,0
S007,P042,2025-09-01,5,1
S007,P043,2025-09-01,0,0
S007,P044,2025-09-01,0,0
S007,P045,2025-09-01,2,0
S007,P046,2025-09-01,0,0
S007,P047,2025-09-01,5,0
S007,P048,2025-09-01,0,0
S007,P049,2025-09-01,0,0
S007,P050,2025-09-01,3,1
S007,P051,2025-09-01,2,1
S007,P052,2025-09-01,1,1
S007,P053,2025-09-01,0,0
S007,P054,2025-09-01,4,0
S007,P055,2025-09-01,0,0
S007,P056,2025-09-01,3,0
S007,P057,2025-09-01,2,0
S007,P058,2025-09-01,2,0
S007,P059,2025-09-01,0,0
S007,P060,2025-09-01,0,0
S007,P061,2025-09-01,0,0
S007,P062,2025-09-01,1,1
S007,P063,2025-09-01,2,1
S007,P064,2025-09-01,0,0
S007,P065,2025-09-01,5,2
S007,P066,2025-09-01,1,0
S007,P067,2025-09-01,0,0
S007,P068,2025-09-01,0,0
S007,P069,2025-09-01,1,0
S007,P070,2025-09-01,2,0
S007,P071,2025-09-01,1,0
S007,P072,2025-09-01,0,0
S007,P073,2025-09-01,1,0
S007,P074,2025-09-01,0,1
S007,P075,2025-09-01,2,0
S007,P076,2025-09-01,3,0
S007,P077,2025-09-01,0,1
S007,P078,2025-09-01,3,0
S007,P079,2025-09-01,0,0
S007,P080,2025-09-01,1,2
S007,P081,2025-09-01,0,0
S007,P082,2025-09-01,0,2
S007,P083,2025-09-01,2,0
S007,P084,2025-09-01,0,0
S007,P085,2025-09-01,1,1
S007,P086,2025-09-01,3,0
S007,P087,2025-09-01,2,1
S007,P088,2025-09-01,5,2
S007,P089,2025-09-01,0,0
S007,P090,2025-09-01,2,0
S007,P091,2025-09-01,0,1
S007,P092,2025-09-01,0,0
S007,P093,2025-09-01,0,0
S007,P094,2025-09-01,0,0
S007,P095,2025-09-01,1,0
S007,P096,2025-09-01,1,2
S007,P097,2025-09-01,0,0
S007,P098,2025-09-01,3,1
S007,P099,2025-09-01,0,0
S007,P100,2025-09-01,3,0
S008,P001,2025-09-01,4,0
S008,P002,2025-09-01,5,2
S008,P003,2025-09-01,0,1
S008,P004,2025-09-01,0,0
S008,P005,2025-09-01,4,0
S008,P006,2025-09-01,4,1
S008,P007,2025-09-01,2,0
S008,P008,2025-09-01,0,0
S008,P009,2025-09-01,0,2
S008,P010,2025-09-01,5,2
S008,P011,2025-09-01,5,0
S008,P012,2025-09-01,1,1
S008,P013,2025-09-01,3,1
S008,P014,2025-09-01,2,1
S008,P015,2025-09-01,1,0
S008,P016,2025-09-01,1,0
S008,P017,2025-09-01,1,0
S008,P018,2025-09-01,0,0
S008,P019,2025-09-01,2,0
S008,P020,2025-09-01,1,1
S008,P021,2025-09-01,1,1
S008,P022,2025-09-01,7,2
S008,P023,2025-09-01,0,0
S008,P024,2025-09-01,3,1
S008,P025,2025-09-01,1,1
S008,P026,2025-09-01,0,0
S008,P027,2025-09-01,6,1
S008,P028,2025-09-01,0,1
S008,P029,2025-09-01,1,0
S008,P030,2025-09-01,1,3
S008,P031,2025-09-01,3,1
S008,P032,2025-09-01,1,0
S008,P033,2025-09-01,3,1
S008,P034,2025-09-01,1,1
S008,P035,2025-09-01,9,0
S008,P036,2025-09-01,6,0
S008,P037,2025-09-01,5,0
S008,P038,2025-09-01,4,0
S008,P039,2025-09-01,1,0
S008,P040,2025-09-01,2,0
S008,P041,2025-09-01,4,0
S008,P042,2025-09-01,1,0
S008,P043,2025-09-01,0,0
S008,P044,2025-09-01,2,0
S008,P045,2025-09-01,0,1
S008,P046,2025-09-01,4,1
S008,P047,2025-09-01,3,1
S008,P048,2025-09-01,0,0
S008,P049,2025-09-01,3,0
S008,P050,2025-09-01,6,2
S008,P051,2025-09-01,0,0
S008,P052,2025-09-01,1,0
S008,P053,2025-09-01,0,0
S008,P054,2025-09-01,1,0
S008,P055,2025-09-01,1,1
S008,P056,2025-09-01,4,2
S008,P057,2025-09-01,3,0
S008,P058,2025-09-01,4,0
S008,P059,2025-09-01,0,0
S008,P060,2025-09-01,2,0
S008,P061,2025-09-01,3,1
S008,P062,2025-09-01,1,0
S008,P063,2025-09-01,5,1
S008,P064,2025-09-01,3,0
S008,P065,2025-09-01,3,0
S008,P066,2025-09-01,0,0
S008,P067,2025-09-01,4,0
S008,P068,2025-09-01,3,0
S008,P069,2025-09-01,1,0
S008,P070,2025-09-01,3,0
S008,P071,2025-09-01,1,3
S008,P072,2025-09-01,0,2
S008,P073,2025-09-01,0,0
S008,P074,2025-09-01,0,0
S008,P075,2025-09-01,3,0
S008,P076,2025-09-01,0,0
S008,P077,2025-09-01,4,0
S008,P078,2025-09-01,0,1
S008,P079,2025-09-01,2,0
S008,P080,2025-09-01,5,2
S008,P081,2025-09-01,1,0
S008,P082,2025-09-01,2,0
S008,P083,2025-09-01,4,2
S008,P084,2025-09-01,1,1
S008,P085,2025-09-01,4,0
S008,P086,2025-09-01,0,2
S008,P087,2025-09-01,2,0
S008,P088,2025-09-01,4,1
S008,P089,2025-09-01,1,0
S008,P090,2025-09-01,0,0
S008,P091,2025-09-01,2,0
S008,P092,2025-09-01,0,1
S008,P093,2025-09-01,0,1
S008,P094,2025-09-01,5,1
S008,P095,2025-09-01,2,1
S008,P096,2025-09-01,3,2
S008,P097,2025-09-01,0,0
S008,P098,2025-09-01,1,0
S008,P099,2025-09-01,2,2
S008,P100,2025-09-01,4,0
S010,P001,2025-09-01,0,0
S010,P002,2025-09-01,5,1
S010,P003,2025-09-01,0,0
S010,P004,2025-09-01,4,0
S010,P005,2025-09-01,0,1
S010,P006,2025-09-01,2,1
S010,P007,2025-09-01,0,0
S010,P008,2025-09-01,0,2
S010,P009,2025-09-01,0,0
S010,P010,2025-09-01,0,1
S010,P011,2025-09-01,1,0
S010,P012,2025-09-01,4,0
S010,P013,2025-09-01,2,0
S010,P014,2025-09-01,2,1
S010,P015,2025-09-01,1,0
S010,P016,2025-09-01,5,2
S010,P017,2025-09-01,0,0
S010,P018,2025-09-01,4,1
S010,P019,2025-09-01,2,1
S010,P020,2025-09-01,0,1
S010,P021,2025-09-01,1,1
S010,P022,2025-09-01,1,2
S010,P023,2025-09-01,0,0
S010,P024,2025-09-01,3,0
S010,P025,2025-09-01,2,0
S010,P026,2025-09-01,3,1
S010,P027,2025-09-01,6,1
S010,P028,2025-09-01,0,1
S010,P029,2025-09-01,0,0
S010,P030,2025-09-01,3,0
S010,P031,2025-09-01,0,1
S010,P032,2025-09-01,0,0
S010,P033,2025-09-01,1,0
S010,P034,2025-09-01,1,0
S010,P035,2025-09-01,4,1
S010,P036,2025-09-01,2,2
S010,P037,2025-09-01,3,0
S010,P038,2025-09-01,0,1
S010,P039,2025-09-01,0,0
S010,P040,2025-09-01,5,1
S010,P041,2025-09-01,4,0
S010,P042,2025-09-01,4,1
S010,P043,2025-09-01,4,0
S010,P044,2025-09-01,5,0
S010,P045,2025-09-01,4,0
S010,P046,2025-09-01,3,0
S010,P047,2025-09-01,5,0
S010,P048,2025-09-01,1,1
S010,P049,2025-09-01,2,2
S010,P050,2025-09-01,6,3
S010,P051,2025-09-01,2,0
S010,P052,2025-09-01,1,0
S010,P053,2025-09-01,0,0
S010,P054,2025-09-01,1,0
S010,P055,2025-09-01,1,0
S010,P056,2025-09-01,6,0
S010,P057,2025-09-01,2,0
S010,P058,2025-09-01,3,1
S010,P059,2025-09-01,4,1
S010,P060,2025-09-01,2,2
S010,P061,2025-09-01,1,0
S010,P062,2025-09-01,0,1
S010,P063,2025-09-01,6,2
S010,P064,2025-09-01,6,0
S010,P065,2025-09-01,3,1
S010,P066,2025-09-01,2,1
S010,P067,2025-09-01,0,0
S010,P068,2025-09-01,0,2
S010,P069,2025-09-01,0,0
S010,P070,2025-09-01,1,1
S010,P071,2025-09-01,2,0
S010,P072,2025-09-01,0,0
S010,P073,2025-09-01,0,0
S010,P074,2025-09-01,0,2
S010,P075,2025-09-01,0,0
S010,P076,2025-09-01,0,1
S010,P077,2025-09-01,0,0
S010,P078,2025-09-01,3,0
S010,P079,2025-09-01,0,0
S010,P080,2025-09-01,2,2
S010,P081,2025-09-01,2,1
S010,P082,2025-09-01,0,0
S010,P083,2025-09-01,1,2
S010,P084,2025-09-01,2,1
S010,P085,2025-09-01,3,0
S010,P086,2025-09-01,2,0
S010,P087,2025-09-01,4,1
S010,P088,2025-09-01,4,0
S010,P089,2025-09-01,0,0
S010,P090,2025-09-01,0,0
S010,P091,2025-09-01,1,0
S010,P092,2025-09-01,3,1
S010,P093,2025-09-01,0,0
S010,P094,2025-09-01,2,0
S010,P095,2025-09-01,3,0
S010,P096,2025-09-01,5,1
S010,P097,2025-09-01,3,0
S010,P098,2025-09-01,4,0
S010,P099,2025-09-01,2,0
S010,P100,2025-09-01,4,1
S012,P001,2025-09-01,0,0
S012,P002,2025-09-01,5,1
S012,P003,2025-09-01,1,2
S012,P004,2025-09-01,1,0
S012,P005,2025-09-01,0,0
S012,P006,2025-09-01,3,1
S012,P007,2025-09-01,3,0
S012,P008,2025-09-01,0,1
S012,P009,2025-09-01,1,0
S012,P010,2025-09-01,1,1
S012,P011,2025-09-01,3,0
S012,P012,2025-09-01,4,0
S012,P013,2025-09-01,0,1
S012,P014,2025-09-01,2,2
S012,P015,2025-09-01,0,0
S012,P016,2025-09-01,1,0
S012,P017,2025-09-01,1,0
S012,P018,2025-09-01,0,0
S012,P019,2025-09-01,0,0
S012,P020,2025-09-01,0,0
S012,P021,2025-09-01,1,0
S012,P022,2025-09-01,4,0
S012,P023,2025-09-01,2,0
S012,P024,2025-09-01,0,0
S012,P025,2025-09-01,0,2
S012,P026,2025-09-01,5,0
S012,P027,2025-09-01,4,1
S012,P028,2025-09-01,0,0
S012,P029,2025-09-01,5,0
S012,P030,2025-09-01,1,1
S012,P031,2025-09-01,2,3
S012,P032,2025-09-01,1,0
S012,P033,2025-09-01,0,0
S012,P034,2025-09-01,3,0
S012,P035,2025-09-01,6,1
S012,P036,2025-09-01,1,0
S012,P037,2025-09-01,0,0
S012,P038,2025-09-01,2,0
S012,P039,2025-09-01,1,0
S012,P040,2025-09-01,1,0
S012,P041,2025-09-01,2,0
S012,P042,2025-09-01,3,1
S012,P043,2025-09-01,2,0
S012,P044,2025-09-01,0,0
S012,P045,2025-09-01,0,1
S012,P046,2025-09-01,4,1
S012,P047,2025-09-01,2,1
S012,P048,2025-09-01,3,0
S012,P049,2025-09-01,5,0
S012,P050,2025-09-01,6,2
S012,P051,2025-09-01,2,0
S012,P052,2025-09-01,0,0
S012,P053,2025-09-01,0,1
S012,P054,2025-09-01,0,0
S012,P055,2025-09-01,1,1
S012,P056,2025-09-01,1,1
S012,P057,2025-09-01,1,0
S012,P058,2025-09-01,0,1
S012,P059,2025-09-01,2,1
S012,P060,2025-09-01,3,1
S012,P061,2025-09-01,0,2
S012,P062,2025-09-01,0,0
S012,P063,2025-09-01,4,1
S012,P064,2025-09-01,3,1
S012,P065,2025-09-01,8,0
S012,P066,2025-09-01,3,1
S012,P067,2025-09-01,1,0
S012,P068,2025-09-01,0,0
S012,P069,2025-09-01,0,0
S012,P070,2025-09-01,2,0
S012,P071,2025-09-01,1,2
S012,P072,2025-09-01,4,0
S012,P073,2025-09-01,0,0
S012,P074,2025-09-01,0,0
S012,P075,2025-09-01,1,1
S012,P076,2025-09-01,3,0
S012,P077,2025-09-01,0,0
S012,P078,2025-09-01,1,0
S012,P079,2025-09-01,4,1
S012,P080,2025-09-01,7,1
S012,P081,2025-09-01,0,0
S012,P082,2025-09-01,1,0
S012,P083,2025-09-01,1,0
S012,P084,2025-09-01,1,0
S012,P085,2025-09-01,7,0
S012,P086,2025-09-01,2,0
S012,P087,2025-09-01,4,0
S012,P088,2025-09-01,1,0
S012,P089,2025-09-01,4,1
S012,P090,2025-09-01,1,0
S012,P091,2025-09-01,1,0
S012,P092,2025-09-01,4,0
S012,P093,2025-09-01,0,2
S012,P094,2025-09-01,0,0
S012,P095,2025-09-01,0,2
S012,P096,2025-09-01,3,3
S012,P097,2025-09-01,1,0
S012,P098,2025-09-01,3,3
S012,P099,2025-09-01,0,1
S012,P100,2025-09-01,0,0
S014,P001,2025-09-01,0,0
S014,P002,2025-09-01,7,2
S014,P003,2025-09-01,0,0
S014,P004,2025-09-01,5,1
S014,P005,2025-09-01,5,0
S014,P006,2025-09-01,6,0
S014,P007,2025-09-01,3,0
S014,P008,2025-09-01,2,1
S014,P009,2025-09-01,0,1
S014,P010,2025-09-01,4,2
S014,P011,2025-09-01,5,0
S014,P012,2025-09-01,2,1
S014,P013,2025-09-01,0,0
S014,P014,2025-09-01,2,1
S014,P015,2025-09-01,0,0
S014,P016,2025-09-01,0,0
S014,P017,2025-09-01,1,0
S014,P018,2025-09-01,0,0
S014,P019,2025-09-01,1,0
S014,P020,2025-09-01,0,0
S014,P021,2025-09-01,4,1
S014,P022,2025-09-01,4,2
S014,P023,2025-09-01,2,0
S014,P024,2025-09-01,0,0
S014,P025,2025-09-01,2,2
S014,P026,2025-09-01,3,0
S014,P027,2025-09-01,0,3
S014,P028,2025-09-01,1,0
S014,P029,2025-09-01,0,0
S014,P030,2025-09-01,0,0
S014,P031,2025-09-01,3,0
S014,P032,2025-09-01,2,1
S014,P033,2025-09-01,3,0
S014,P034,2025-09-01,2,3
S014,P035,2025-09-01,4,2
S014,P036,2025-09-01,4,0
S014,P037,2025-09-01,1,0
S014,P038,2025-09-01,1,2
S014,P039,2025-09-01,3,0
S014,P040,2025-09-01,3,2
S014,P041,2025-09-01,5,1
S014,P042,2025-09-01,0,0
S014,P043,2025-09-01,0,0
S014,P044,2025-09-01,0,0
S014,P045,2025-09-01,0,0
S014,P046,2025-09-01,6,0
S014,P047,2025-09-01,3,1
S014,P048,2025-09-01,1,0
S014,P049,2025-09-01,3,0
S014,P050,2025-09-01,9,4
S014,P051,2025-09-01,0,0
S014,P052,2025-09-01,0,0
S014,P053,2025-09-01,2,1
S014,P054,2025-09-01,0,0
S014,P055,2025-09-01,0,1
S014,P056,2025-09-01,0,2
S014,P057,2025-09-01,0,0
S014,P058,2025-09-01,0,0
S014,P059,2025-09-01,0,0
S014,P060,2025-09-01,2,0
S014,P061,2025-09-01,1,0
S014,P062,2025-09-01,0,0
S014,P063,2025-09-01,2,2
S014,P064,2025-09-01,0,0
S014,P065,2025-09-01,2,1
S014,P066,2025-09-01,3,0
S014,P067,2025-09-01,3,0
S014,P068,2025-09-01,0,0
S014,P069,2025-09-01,0,0
S014,P070,2025-09-01,3,0
S014,P071,2025-09-01,0,0
S014,P072,2025-09-01,0,0
S014,P073,2025-09-01,2,0
S014,P074,2025-09-01,1,0
S014,P075,2025-09-01,4,0
S014,P076,2025-09-01,3,2
S014,P077,2025-09-01,0,1
S014,P078,2025-09-01,4,1
S014,P079,2025-09-01,0,0
S014,P080,2025-09-01,2,1
S014,P081,2025-09-01,0,0
S014,P082,2025-09-01,0,0
S014,P083,2025-09-01,0,0
S014,P084,2025-09-01,0,1
S014,P085,2025-09-01,2,2
S014,P086,2025-09-01,0,2
S014,P087,2025-09-01,2,0
S014,P088,2025-09-01,4,3
S014,P089,2025-09-01,0,0
S014,P090,2025-09-01,0,0
S014,P091,2025-09-01,1,0
S014,P092,2025-09-01,1,0
S014,P093,2025-09-01,1,0
S014,P094,2025-09-01,0,0
S014,P095,2025-09-01,5,0
S014,P096,2025-09-01,3,1
S014,P097,2025-09-01,0,0
S014,P098,2025-09-01,0,0
S014,P099,2025-09-01,0,2
S014,P100,2025-09-01,3,2
S016,P001,2025-09-01,4,1
S016,P002,2025-09-01,25,13
S016,P003,2025-09-01,6,1
S016,P004,2025-09-01,2,3
S016,P005,2025-09-01,6,4
S016,P006,2025-09-01,11,2
S016,P007,2025-09-01,2,0
S016,P008,2025-09-01,7,3
S016,P009,2025-09-01,0,0
S016,P010,2025-09-01,7,3
S016,P011,2025-09-01,6,2
S016,P012,2025-09-01,9,2
S016,P013,2025-09-01,2,2
S016,P014,2025-09-01,11,3
S016,P015,2025-09-01,4,2
S016,P016,2025-09-01,5,3
S016,P017,2025-09-01,2,1
S016,P018,2025-09-01,2,1
S016,P019,2025-09-01,4,0
S016,P020,2025-09-01,6,0
S016,P021,2025-09-01,1,2
S016,P022,2025-09-01,7,5
S016,P023,2025-09-01,1,0
S016,P024,2025-09-01,2,1
S016,P025,2025-09-01,4,0
S016,P026,2025-09-01,1,2
S016,P027,2025-09-01,21,6
S016,P028,2025-09-01,3,3
S016,P029,2025-09-01,7,0
S016,P030,2025-09-01,5,2
S016,P031,2025-09-01,11,4
S016,P032,2025-09-01,8,3
S016,P033,2025-09-01,5,3
S016,P034,2025-09-01,9,0
S016,P035,2025-09-01,14,5
S016,P036,2025-09-01,1,1
S016,P037,2025-09-01,5,2
S016,P038,2025-09-01,3,0
S016,P039,2025-09-01,6,2
S016,P040,2025-09-01,9,4
S016,P041,2025-09-01,6,3
S016,P042,2025-09-01,8,2
S016,P043,2025-09-01,2,2
S016,P044,2025-09-01,3,1
S016,P045,2025-09-01,6,0
S016,P046,2025-09-01,15,7
S016,P047,2025-09-01,19,9
S016,P048,2025-09-01,2,0
S016,P049,2025-09-01,5,2
S016,P050,2025-09-01,20,4
S016,P051,2025-09-01,2,2
S016,P052,2025-09-01,1,0
S016,P053,2025-09-01,4,3
S016,P054,2025-09-01,3,2
S016,P055,2025-09-01,0,0
S016,P056,2025-09-01,10,3
S016,P057,2025-09-01,0,1
S016,P058,2025-09-01,7,2
S016,P059,2025-09-01,7,2
S016,P060,2025-09-01,8,1
S016,P061,2025-09-01,2,1
S016,P062,2025-09-01,0,1
S016,P063,2025-09-01,32,6
S016,P064,2025-09-01,4,3
S016,P065,2025-09-01,12,1
S016,P066,2025-09-01,7,0
S016,P067,2025-09-01,2,1
S016,P068,2025-09-01,4,3
S016,P069,2025-09-01,4,1
S016,P070,2025-09-01,6,1
S016,P071,2025-09-01,7,2
S016,P072,2025-09-01,1,1
S016,P073,2025-09-01,4,0
S016,P074,2025-09-01,3,0
S016,P075,2025-09-01,3,1
S016,P076,2025-09-01,3,2
S016,P077,2025-09-01,9,3
S016,P078,2025-09-01,9,6
S016,P079,2025-09-01,7,1
S016,P080,2025-09-01,13,3
S016,P081,2025-09-01,2,1
S016,P082,2025-09-01,2,1
S016,P083,2025-09-01,6,2
S016,P084,2025-09-01,7,3
S016,P085,2025-09-01,9,4
S016,P086,2025-09-01,9,1
S016,P087,2025-09-01,7,1
S016,P088,2025-09-01,15,4
S016,P089,2025-09-01,5,0
S016,P090,2025-09-01,0,0
S016,P091,2025-09-01,4,1
S016,P092,2025-09-01,5,0
S016,P093,2025-09-01,0,0
S016,P094,2025-09-01,3,1
S016,P095,2025-09-01,11,5
S016,P096,2025-09-01,22,4
S016,P097,2025-09-01,0,1
S016,P098,2025-09-01,15,2
S016,P099,2025-09-01,6,2
S016,P100,2025-09-01,10,2
S018,P001,2025-09-01,0,1
S018,P002,2025-09-01,7,4
S018,P003,2025-09-01,1,0
S018,P004,2025-09-01,0,0
S018,P005,2025-09-01,4,0
S018,P006,2025-09-01,1,0
S018,P007,2025-09-01,0,0
S018,P008,2025-09-01,1,0
S018,P009,2025-09-01,0,0
S018,P010,2025-09-01,4,1
S018,P011,2025-09-01,6,0
S018,P012,2025-09-01,0,0
S018,P013,2025-09-01,0,0
S018,P014,2025-09-01,4,0
S018,P015,2025-09-01,2,0
S018,P016,2025-09-01,0,1
S018,P017,2025-09-01,2,0
S018,P018,2025-09-01,0,0
S018,P019,2025-09-01,0,0
S018,P020,2025-09-01,0,0
S018,P021,2025-09-01,0,0
S018,P022,2025-09-01,5,1
S018,P023,2025-09-01,0,0
S018,P024,2025-09-01,2,0
S018,P025,2025-09-01,0,0
S018,P026,2025-09-01,0,2
S018,P027,2025-09-01,7,0
S018,P028,2025-09-01,0,1
S018,P029,2025-09-01,1,0
S018,P030,2025-09-01,0,0
S018,P031,2025-09-01,0,0
S018,P032,2025-09-01,3,2
S018,P033,2025-09-01,0,2
S018,P034,2025-09-01,2,0
S018,P035,2025-09-01,4,0
S018,P036,2025-09-01,3,1
S018,P037,2025-09-01,0,1
S018,P038,2025-09-01,4,1
S018,P039,2025-09-01,0,0
S018,P040,2025-09-01,1,0
S018,P041,2025-09-01,0,1
S018,P042,2025-09-01,0,0
S018,P043,2025-09-01,4,0
S018,P044,2025-09-01,0,0
S018,P045,2025-09-01,2,0
S018,P046,2025-09-01,5,1
S018,P047,2025-09-01,5,0
S018,P048,2025-09-01,0,0
S018,P049,2025-09-01,0,0
S018,P050,2025-09-01,3,2
S018,P051,2025-09-01,0,0
S018,P052,2025-09-01,0,0
S018,P053,2025-09-01,0,0
S018,P054,2025-09-01,2,0
S018,P055,2025-09-01,4,2
S018,P056,2025-09-01,0,0
S018,P057,2025-09-01,1,0
S018,P058,2025-09-01,0,0
S018,P059,2025-09-01,4,0
S018,P060,2025-09-01,4,0
S018,P061,2025-09-01,0,0
S018,P062,2025-09-01,0,0
S018,P063,2025-09-01,3,0
S018,P064,2025-09-01,0,1
S018,P065,2025-09-01,2,0
S018,P066,2025-09-01,1,0
S018,P067,2025-09-01,0,0
S018,P068,2025-09-01,0,0
S018,P069,2025-09-01,2,0
S018,P070,2025-09-01,3,1
S018,P071,2025-09-01,5,2
S018,P072,2025-09-01,2,0
S018,P073,2025-09-01,0,0
S018,P074,2025-09-01,0,0
S018,P075,2025-09-01,0,0
S018,P076,2025-09-01,2,0
S018,P077,2025-09-01,0,0
S018,P078,2025-09-01,1,0
S018,P079,2025-09-01,4,2
S018,P080,2025-09-01,3,0
S018,P081,2025-09-01,0,0
S018,P082,2025-09-01,0,1
S018,P083,2025-09-01,0,1
S018,P084,2025-09-01,3,0
S018,P085,2025-09-01,4,1
S018,P086,2025-09-01,0,0
S018,P087,2025-09-01,0,2
S018,P088,2025-09-01,6,2
S018,P089,2025-09-01,1,0
S018,P090,2025-09-01,1,0
S018,P091,2025-09-01,2,0
S018,P092,2025-09-01,2,0
S018,P093,2025-09-01,0,0
S018,P094,2025-09-01,0,0
S018,P095,2025-09-01,0,0
S018,P096,2025-09-01,3,0
S018,P097,2025-09-01,4,0
S018,P098,2025-09-01,0,1
S018,P099,2025-09-01,3,0
S018,P100,2025-09-01,1,0
S020,P001,2025-09-01,1,0
S020,P002,2025-09-01,8,0
S020,P003,2025-09-01,1,0
S020,P004,2025-09-01,3,1
S020,P005,2025-09-01,5,0
S020,P006,2025-09-01,2,0
S020,P007,2025-09-01,1,0
S020,P008,2025-09-01,1,1
S020,P009,2025-09-01,1,0
S020,P010,2025-09-01,2,0
S020,P011,2025-09-01,2,1
S020,P012,2025-09-01,1,0
S020,P013,2025-09-01,0,0
S020,P014,2025-09-01,1,0
S020,P015,2025-09-01,2,1
S020,P016,2025-09-01,3,0
S020,P017,2025-09-01,0,0
S020,P018,2025-09-01,2,0
S020,P019,2025-09-01,0,1
S020,P020,2025-09-01,1,0
S020,P021,2025-09-01,0,0
S020,P022,2025-09-01,5,2
S020,P023,2025-09-01,2,0
S020,P024,2025-09-01,0,1
S020,P025,2025-09-01,0,0
S020,P026,2025-09-01,0,1
S020,P027,2025-09-01,4,1
S020,P028,2025-09-01,0,0
S020,P029,2025-09-01,1,0
S020,P030,2025-09-01,3,0
S020,P031,2025-09-01,2,2
S020,P032,2025-09-01,4,0
S020,P033,2025-09-01,3,0
S020,P034,2025-09-01,1,1
S020,P035,2025-09-01,4,2
S020,P036,2025-09-01,0,0
S020,P037,2025-09-01,0,2
S020,P038,2025-09-01,2,0
S020,P039,2025-09-01,0,0
S020,P040,2025-09-01,2,0
S020,P041,2025-09-01,4,1
S020,P042,2025-09-01,3,0
S020,P043,2025-09-01,2,1
S020,P044,2025-09-01,0,0
S020,P045,2025-09-01,2,0
S020,P046,2025-09-01,4,1
S020,P047,2025-09-01,6,1
S020,P048,2025-09-01,4,0
S020,P049,2025-09-01,1,1
S020,P050,2025-09-01,3,3
S020,P051,2025-09-01,0,0
S020,P052,2025-09-01,0,0
S020,P053,2025-09-01,3,0
S020,P054,2025-09-01,0,0
S020,P055,2025-09-01,0,0
S020,P056,2025-09-01,1,1
S020,P057,2025-09-01,6,2
S020,P058,2025-09-01,1,0
S020,P059,2025-09-01,5,2
S020,P060,2025-09-01,2,0
S020,P061,2025-09-01,0,0
S020,P062,2025-09-01,0,0
S020,P063,2025-09-01,5,2
S020,P064,2025-09-01,0,0
S020,P065,2025-09-01,7,0
S020,P066,2025-09-01,0,0
S020,P067,2025-09-01,0,0
S020,P068,2025-09-01,2,2
S020,P069,2025-09-01,0,1
S020,P070,2025-09-01,3,1
S020,P071,2025-09-01,1,1
S020,P072,2025-09-01,1,0
S020,P073,2025-09-01,4,1
S020,P074,2025-09-01,0,0
S020,P075,2025-09-01,3,0
S020,P076,2025-09-01,4,0
S020,P077,2025-09-01,0,0
S020,P078,2025-09-01,2,0
S020,P079,2025-09-01,0,0
S020,P080,2025-09-01,4,2
S020,P081,2025-09-01,0,0
S020,P082,2025-09-01,1,0
S020,P083,2025-09-01,0,0
S020,P084,2025-09-01,1,1
S020,P085,2025-09-01,5,0
S020,P086,2025-09-01,0,1
S020,P087,2025-09-01,1,0
S020,P088,2025-09-01,5,1
S020,P089,2025-09-01,0,0
S020,P090,2025-09-01,1,0
S020,P091,2025-09-01,2,1
S020,P092,2025-09-01,0,0
S020,P093,2025-09-01,0,1
S020,P094,2025-09-01,4,0
S020,P095,2025-09-01,1,0
S020,P096,2025-09-01,6,0
S020,P097,2025-09-01,2,1
S020,P098,2025-09-01,2,1
S020,P099,2025-09-01,1,0
S020,P100,2025-09-01,1,0
S022,P001,2025-09-01,5,1
S022,P002,2025-09-01,8,9
S022,P003,2025-09-01,6,1
S022,P004,2025-09-01,4,1
S022,P005,2025-09-01,9,4
S022,P006,2025-09-01,16,8
S022,P007,2025-09-01,4,2
S022,P008,2025-09-01,9,3
S022,P009,2025-09-01,5,0
S022,P010,2025-09-01,13,4
S022,P011,2025-09-01,6,4
S022,P012,2025-09-01,7,4
S022,P013,2025-09-01,5,2
S022,P014,2025-09-01,12,4
S022,P015,2025-09-01,3,0
S022,P016,2025-09-01,7,0
S022,P017,2025-09-01,5,2
S022,P018,2025-09-01,1,0
S022,P019,2025-09-01,2,1
S022,P020,2025-09-01,1,0
S022,P021,2025-09-01,4,4
S022,P022,2025-09-01,13,7
S022,P023,2025-09-01,4,1
S022,P024,2025-09-01,3,1
S022,P025,2025-09-01,7,1
S022,P026,2025-09-01,0,1
S022,P027,2025-09-01,14,11
S022,P028,2025-09-01,2,2
S022,P029,2025-09-01,3,1
S022,P030,2025-09-01,7,2
S022,P031,2025-09-01,8,3
S022,P032,2025-09-01,5,2
S022,P033,2025-09-01,6,4
S022,P034,2025-09-01,9,2
S022,P035,2025-09-01,20,7
S022,P036,2025-09-01,0,0
S022,P037,2025-09-01,4,1
S022,P038,2025-09-01,2,0
S022,P039,2025-09-01,6,0
S022,P040,2025-09-01,11,3
S022,P041,2025-09-01,8,2
S022,P042,2025-09-01,8,4
S022,P043,2025-09-01,5,2
S022,P044,2025-09-01,4,1
S022,P045,2025-09-01,6,1
S022,P046,2025-09-01,16,7
S022,P047,2025-09-01,11,9
S022,P048,2025-09-01,0,0
S022,P049,2025-09-01,7,2
S022,P050,2025-09-01,9,16
S022,P051,2025-09-01,5,4
S022,P052,2025-09-01,0,1
S022,P053,2025-09-01,5,1
S022,P054,2025-09-01,8,1
S022,P055,2025-09-01,2,0
S022,P056,2025-09-01,11,5
S022,P057,2025-09-01,4,1
S022,P058,2025-09-01,8,2
S022,P059,2025-09-01,12,3
S022,P060,2025-09-01,7,3
S022,P061,2025-09-01,1,0
S022,P062,2025-09-01,6,2
S022,P063,2025-09-01,37,6
S022,P064,2025-09-01,0,2
S022,P065,2025-09-01,13,6
S022,P066,2025-09-01,3,3
S022,P067,2025-09-01,3,0
S022,P068,2025-09-01,1,1
S022,P069,2025-09-01,2,1
S022,P070,2025-09-01,3,2
S022,P071,2025-09-01,9,3
S022,P072,2025-09-01,7,1
S022,P073,2025-09-01,0,1
S022,P074,2025-09-01,1,2
S022,P075,2025-09-01,3,2
S022,P076,2025-09-01,13,5
S022,P077,2025-09-01,9,4
S022,P078,2025-09-01,10,2
S022,P079,2025-09-01,4,3
S022,P080,2025-09-01,20,7
S022,P081,2025-09-01,1,1
S022,P082,2025-09-01,2,1
S022,P083,2025-09-01,1,3
S022,P084,2025-09-01,7,3
S022,P085,2025-09-01,12,2
S022,P086,2025-09-01,7,2
S022,P087,2025-09-01,7,3
S022,P088,2025-09-01,30,11
S022,P089,2025-09-01,3,2
S022,P090,2025-09-01,4,0
S022,P091,2025-09-01,7,2
S022,P092,2025-09-01,7,1
S022,P093,2025-09-01,3,1
S022,P094,2025-09-01,1,1
S022,P095,2025-09-01,15,4
S022,P096,2025-09-01,29,6
S022,P097,2025-09-01,4,0
S022,P098,2025-09-01,9,2
S022,P099,2025-09-01,8,3
S022,P100,2025-09-01,7,3
S024,P001,2025-09-01,1,0
S024,P002,2025-09-01,7,3
S024,P003,2025-09-01,4,0
S024,P004,2025-09-01,2,0
S024,P005,2025-09-01,6,0
S024,P006,2025-09-01,2,0
S024,P007,2025-09-01,1,0
S024,P008,2025-09-01,4,0
S024,P009,2025-09-01,0,0
S024,P010,2025-09-01,4,1
S024,P011,2025-09-01,1,1
S024,P012,2025-09-01,2,0
S024,P013,2025-09-01,3,0
S024,P014,2025-09-01,0,0
S024,P015,2025-09-01,0,1
S024,P016,2025-09-01,3,1
S024,P017,2025-09-01,1,0
S024,P018,2025-09-01,2,0
S024,P019,2025-09-01,3,0
S024,P020,2025-09-01,0,1
S024,P021,2025-09-01,1,1
S024,P022,2025-09-01,4,1
S024,P023,2025-09-01,0,0
S024,P024,2025-09-01,3,1
S024,P025,2025-09-01,1,0
S024,P026,2025-09-01,4,1
S024,P027,2025-09-01,5,2
S024,P028,2025-09-01,0,0
S024,P029,2025-09-01,0,0
S024,P030,2025-09-01,2,0
S024,P031,2025-09-01,3,0
S024,P032,2025-09-01,7,0
S024,P033,2025-09-01,4,0
S024,P034,2025-09-01,0,2
S024,P035,2025-09-01,4,2
S024,P036,2025-09-01,1,1
S024,P037,2025-09-01,0,0
S024,P038,2025-09-01,3,1
S024,P039,2025-09-01,3,0
S024,P040,2025-09-01,2,0
S024,P041,2025-09-01,2,0
S024,P042,2025-09-01,2,0
S024,P043,2025-09-01,0,0
S024,P044,2025-09-01,0,1
S024,P045,2025-09-01,0,1
S024,P046,2025-09-01,6,3
S024,P047,2025-09-01,5,0
S024,P048,2025-09-01,0,0
S024,P049,2025-09-01,0,1
S024,P050,2025-09-01,6,1
S024,P051,2025-09-01,0,0
S024,P052,2025-09-01,1,0
S024,P053,2025-09-01,3,0
S024,P054,2025-09-01,3,1
S024,P055,2025-09-01,1,0
S024,P056,2025-09-01,6,2
S024,P057,2025-09-01,0,0
S024,P058,2025-09-01,0,0
S024,P059,2025-09-01,1,0
S024,P060,2025-09-01,0,1
S024,P061,2025-09-01,2,1
S024,P062,2025-09-01,0,0
S024,P063,2025-09-01,6,0
S024,P064,2025-09-01,1,0
S024,P065,2025-09-01,4,1
S024,P066,2025-09-01,0,0
S024,P067,2025-09-01,2,0
S024,P068,2025-09-01,0,1
S024,P069,2025-09-01,0,0
S024,P070,2025-09-01,2,1
S024,P071,2025-09-01,1,2
S024,P072,2025-09-01,1,1
S024,P073,2025-09-01,2,1
S024,P074,2025-09-01,0,0
S024,P075,2025-09-01,2,0
S024,P076,2025-09-01,4,1
S024,P077,2025-09-01,0,0
S024,P078,2025-09-01,0,0
S024,P079,2025-09-01,0,1
S024,P080,2025-09-01,7,2
S024,P081,2025-09-01,2,0
S024,P082,2025-09-01,2,1
S024,P083,2025-09-01,3,1
S024,P084,2025-09-01,1,1
S024,P085,2025-09-01,3,2
S024,P086,2025-09-01,0,0
S024,P087,2025-09-01,2,0
S024,P088,2025-09-01,2,1
S024,P089,2025-09-01,0,1
S024,P090,2025-09-01,1,0
S024,P091,2025-09-01,1,0
S024,P092,2025-09-01,3,0
S024,P093,2025-09-01,2,0
S024,P094,2025-09-01,1,0
S024,P095,2025-09-01,1,1
S024,P096,2025-09-01,7,2
S024,P097,2025-09-01,0,2
S024,P098,2025-09-01,4,0
S024,P099,2025-09-01,3,1
S024,P100,2025-09-01,4,0
S026,P001,2025-09-01,1,1
S026,P002,2025-09-01,13,14
S026,P003,2025-09-01,5,2
S026,P004,2025-09-01,0,2
S026,P005,2025-09-01,9,2
S026,P006,2025-09-01,7,5
S026,P007,2025-09-01,2,2
S026,P008,2025-09-01,5,4
S026,P009,2025-09-01,4,2
S026,P010,2025-09-01,10,3
S026,P011,2025-09-01,8,2
S026,P012,2025-09-01,4,3
S026,P013,2025-09-01,7,2
S026,P014,2025-09-01,4,2
S026,P015,2025-09-01,2,2
S026,P016,2025-09-01,5,3
S026,P017,2025-09-01,4,0
S026,P018,2025-09-01,0,0
S026,P019,2025-09-01,1,2
S026,P020,2025-09-01,1,0
S026,P021,2025-09-01,6,0
S026,P022,2025-09-01,13,5
S026,P023,2025-09-01,1,0
S026,P024,2025-09-01,0,2
S026,P025,2025-09-01,2,0
S026,P026,2025-09-01,5,2
S026,P027,2025-09-01,13,13
S026,P028,2025-09-01,3,1
S026,P029,2025-09-01,3,2
S026,P030,2025-09-01,3,1
S026,P031,2025-09-01,5,3
S026,P032,2025-09-01,9,3
S026,P033,2025-09-01,1,3
S026,P034,2025-09-01,13,4
S026,P035,2025-09-01,7,8
S026,P036,2025-09-01,3,2
S026,P037,2025-09-01,4,1
S026,P038,2025-09-01,3,2
S026,P039,2025-09-01,4,2
S026,P040,2025-09-01,11,2
S026,P041,2025-09-01,10,4
S026,P042,2025-09-01,9,0
S026,P043,2025-09-01,5,3
S026,P044,2025-09-01,6,1
S026,P045,2025-09-01,2,1
S026,P046,2025-09-01,18,10
S026,P047,2025-09-01,18,8
S026,P048,2025-09-01,4,0
S026,P049,2025-09-01,7,2
S026,P050,2025-09-01,22,0
S026,P051,2025-09-01,4,1
S026,P052,2025-09-01,0,1
S026,P053,2025-09-01,4,1
S026,P054,2025-09-01,5,0
S026,P055,2025-09-01,1,0
S026,P056,2025-09-01,6,4
S026,P057,2025-09-01,6,1
S026,P058,2025-09-01,9,1
S026,P059,2025-09-01,9,4
S026,P060,2025-09-01,7,4
S026,P061,2025-09-01,4,0
S026,P062,2025-09-01,7,0
S026,P063,2025-09-01,21,8
S026,P064,2025-09-01,3,0
S026,P065,2025-09-01,0,9
S026,P066,2025-09-01,5,0
S026,P067,2025-09-01,3,3
S026,P068,2025-09-01,3,1
S026,P069,2025-09-01,0,0
S026,P070,2025-09-01,4,3
S026,P071,2025-09-01,6,3
S026,P072,2025-09-01,7,1
S026,P073,2025-09-01,3,0
S026,P074,2025-09-01,5,1
S026,P075,2025-09-01,7,1
S026,P076,2025-09-01,8,4
S026,P077,2025-09-01,8,1
S026,P078,2025-09-01,10,2
S026,P079,2025-09-01,2,4
S026,P080,2025-09-01,22,8
S026,P081,2025-09-01,0,0
S026,P082,2025-09-01,2,0
S026,P083,2025-09-01,4,0
S026,P084,2025-09-01,2,1
S026,P085,2025-09-01,6,2
S026,P086,2025-09-01,5,2
S026,P087,2025-09-01,10,2
S026,P088,2025-09-01,18,5
S026,P089,2025-09-01,4,1
S026,P090,2025-09-01,5,0
S026,P091,2025-09-01,1,3
S026,P092,2025-09-01,4,2
S026,P093,2025-09-01,0,0
S026,P094,2025-09-01,4,1
S026,P095,2025-09-01,9,4
S026,P096,2025-09-01,20,6
S026,P097,2025-09-01,5,0
S026,P098,2025-09-01,11,6
S026,P099,2025-09-01,5,1
S026,P100,2025-09-01,10,4
S028,P001,2025-09-01,0,1
S028,P002,2025-09-01,7,2
S028,P003,2025-09-01,3,0
S028,P004,2025-09-01,3,1
S028,P005,2025-09-01,3,1
S028,P006,2025-09-01,2,1
S028,P007,2025-09-01,0,0
S028,P008,2025-09-01,0,1
S028,P009,2025-09-01,0,0
S028,P010,2025-09-01,4,1
S028,P011,2025-09-01,0,1
S028,P012,2025-09-01,0,0
S028,P013,2025-09-01,3,0
S028,P014,2025-09-01,4,0
S028,P015,2025-09-01,0,0
S028,P016,2025-09-01,0,0
S028,P017,2025-09-01,4,0
S028,P018,2025-09-01,2,0
S028,P019,2025-09-01,1,0
S028,P020,2025-09-01,1,0
S028,P021,2025-09-01,4,0
S028,P022,2025-09-01,0,3
S028,P023,2025-09-01,3,0
S028,P024,2025-09-01,3,0
S028,P025,2025-09-01,1,0
S028,P026,2025-09-01,3,0
S028,P027,2025-09-01,8,2
S028,P028,2025-09-01,0,0
S028,P029,2025-09-01,0,1
S028,P030,2025-09-01,1,0
S028,P031,2025-09-01,1,0
S028,P032,2025-09-01,1,0
S028,P033,2025-09-01,0,1
S028,P034,2025-09-01,0,0
S028,P035,2025-09-01,2,1
S028,P036,2025-09-01,0,0
S028,P037,2025-09-01,0,3
S028,P038,2025-09-01,0,0
S028,P039,2025-09-01,3,0
S028,P040,2025-09-01,0,1
S028,P041,2025-09-01,2,1
S028,P042,2025-09-01,0,2
S028,P043,2025-09-01,0,2
S028,P044,2025-09-01,0,0
S028,P045,2025-09-01,0,1
S028,P046,2025-09-01,7,1
S028,P047,2025-09-01,3,1
S028,P048,2025-09-01,0,1
S028,P049,2025-09-01,0,0
S028,P050,2025-09-01,0,1
S028,P051,2025-09-01,0,2
S028,P052,2025-09-01,2,1
S028,P053,2025-09-01,0,0
S028,P054,2025-09-01,1,0
S028,P055,2025-09-01,0,1
S028,P056,2025-09-01,3,0
S028,P057,2025-09-01,2,0
S028,P058,2025-09-01,1,0
S028,P059,2025-09-01,0,1
S028,P060,2025-09-01,1,0
S028,P061,2025-09-01,4,0
S028,P062,2025-09-01,2,0
S028,P063,2025-09-01,3,0
S028,P064,2025-09-01,0,0
S028,P065,2025-09-01,4,0
S028,P066,2025-09-01,1,0
S028,P067,2025-09-01,0,0
S028,P068,2025-09-01,2,1
S028,P069,2025-09-01,0,1
S028,P070,2025-09-01,2,3
S028,P071,2025-09-01,1,0
S028,P072,2025-09-01,2,0
S028,P073,2025-09-01,0,1
S028,P074,2025-09-01,0,0
S028,P075,2025-09-01,1,0
S028,P076,2025-09-01,0,0
S028,P077,2025-09-01,0,0
S028,P078,2025-09-01,0,0
S028,P079,2025-09-01,1,1
S028,P080,2025-09-01,3,1
S028,P081,2025-09-01,0,1
S028,P082,2025-09-01,0,0
S028,P083,2025-09-01,3,0
S028,P084,2025-09-01,2,0
S028,P085,2025-09-01,4,0
S028,P086,2025-09-01,1,0
S028,P087,2025-09-01,1,0
S028,P088,2025-09-01,2,0
S028,P089,2025-09-01,3,0
S028,P090,2025-09-01,4,0
S028,P091,2025-09-01,4,1
S028,P092,2025-09-01,2,1
S028,P093,2025-09-01,3,2
S028,P094,2025-09-01,0,0
S028,P095,2025-09-01,3,0
S028,P096,2025-09-01,4,0
S028,P097,2025-09-01,0,0
S028,P098,2025-09-01,1,2
S028,P099,2025-09-01,0,0
S028,P100,2025-09-01,0,0
S030,P001,2025-09-01,0,0
S030,P002,2025-09-01,5,4
S030,P003,2025-09-01,4,0
S030,P004,2025-09-01,0,1
S030,P005,2025-09-01,3,0
S030,P006,2025-09-01,1,0
S030,P007,2025-09-01,0,0
S030,P008,2025-09-01,3,0
S030,P009,2025-09-01,0,0
S030,P010,2025-09-01,1,0
S030,P011,2025-09-01,2,0
S030,P012,2025-09-01,2,0
S030,P013,2025-09-01,1,1
S030,P014,2025-09-01,1,0
S030,P015,2025-09-01,2,2
S030,P016,2025-09-01,4,0
S030,P017,2025-09-01,0,0
S030,P018,2025-09-01,1,2
S030,P019,2025-09-01,1,0
S030,P020,2025-09-01,2,0
S030,P021,2025-09-01,4,0
S030,P022,2025-09-01,3,2
S030,P023,2025-09-01,1,0
S030,P024,2025-09-01,1,0
S030,P025,2025-09-01,0,0
S030,P026,2025-09-01,1,0
S030,P027,2025-09-01,10,1
S030,P028,2025-09-01,2,0
S030,P029,2025-09-01,1,0
S030,P030,2025-09-01,0,0
S030,P031,2025-09-01,1,0
S030,P032,2025-09-01,3,1
S030,P033,2025-09-01,0,1
S030,P034,2025-09-01,4,0
S030,P035,2025-09-01,6,2
S030,P036,2025-09-01,0,0
S030,P037,2025-09-01,2,0
S030,P038,2025-09-01,1,1
S030,P039,2025-09-01,2,0
S030,P040,2025-09-01,4,2
S030,P041,2025-09-01,0,1
S030,P042,2025-09-01,1,1
S030,P043,2025-09-01,2,0
S030,P044,2025-09-01,2,1
S030,P045,2025-09-01,3,1
S030,P046,2025-09-01,3,3
S030,P047,2025-09-01,1,1
S030,P048,2025-09-01,1,0
S030,P049,2025-09-01,0,0
S030,P050,2025-09-01,4,2
S030,P051,2025-09-01,0,0
S030,P052,2025-09-01,1,0
S030,P053,2025-09-01,5,0
S030,P054,2025-09-01,3,0
S030,P055,2025-09-01,1,0
S030,P056,2025-09-01,2,0
S030,P057,2025-09-01,1,0
S030,P058,2025-09-01,1,0
S030,P059,2025-09-01,1,2
S030,P060,2025-09-01,0,1
S030,P061,2025-09-01,2,0
S030,P062,2025-09-01,1,0
S030,P063,2025-09-01,4,2
S030,P064,2025-09-01,1,1
S030,P065,2025-09-01,6,1
S030,P066,2025-09-01,6,0
S030,P067,2025-09-01,3,0
S030,P068,2025-09-01,3,0
S030,P069,2025-09-01,0,0
S030,P070,2025-09-01,0,0
S030,P071,2025-09-01,3,2
S030,P072,2025-09-01,1,0
S030,P073,2025-09-01,1,0
S030,P074,2025-09-01,1,0
S030,P075,2025-09-01,0,0
S030,P076,2025-09-01,1,0
S030,P077,2025-09-01,1,2
S030,P078,2025-09-01,3,0
S030,P079,2025-09-01,0,1
S030,P080,2025-09-01,4,3
S030,P081,2025-09-01,0,0
S030,P082,2025-09-01,0,0
S030,P083,2025-09-01,1,1
S030,P084,2025-09-01,0,0
S030,P085,2025-09-01,0,0
S030,P086,2025-09-01,0,1
S030,P087,2025-09-01,1,1
S030,P088,2025-09-01,5,2
S030,P089,2025-09-01,0,0
S030,P090,2025-09-01,0,0
S030,P091,2025-09-01,1,0
S030,P092,2025-09-01,2,0
S030,P093,2025-09-01,0,2
S030,P094,2025-09-01,2,0
S030,P095,2025-09-01,3,2
S030,P096,2025-09-01,4,2
S030,P097,2025-09-01,1,0
S030,P098,2025-09-01,0,0
S030,P099,2025-09-01,0,0
S030,P100,2025-09-01,0,0
S032,P001,2025-09-01,1,1
S032,P002,2025-09-01,7,1
S032,P003,2025-09-01,2,1
S032,P004,2025-09-01,0,0
S032,P005,2025-09-01,2,1
S032,P006,2025-09-01,4,0
S032,P007,2025-09-01,3,0
S032,P008,2025-09-01,2,0
S032,P009,2025-09-01,3,0
S032,P010,2025-09-01,0,2
S032,P011,2025-09-01,0,1
S032,P012,2025-09-01,5,0
S032,P013,2025-09-01,2,1
S032,P014,2025-09-01,2,0
S032,P015,2025-09-01,1,0
S032,P016,2025-09-01,2,0
S032,P017,2025-09-01,2,0
S032,P018,2025-09-01,0,0
S032,P019,2025-09-01,0,1
S032,P020,2025-09-01,0,0
S032,P021,2025-09-01,1,0
S032,P022,2025-09-01,4,1
S032,P023,2025-09-01,0,0
S032,P024,2025-09-01,1,0
S032,P025,2025-09-01,3,0
S032,P026,2025-09-01,1,0
S032,P027,2025-09-01,4,1
S032,P028,2025-09-01,1,0
S032,P029,2025-09-01,0,1
S032,P030,2025-09-01,0,0
S032,P031,2025-09-01,3,0
S032,P032,2025-09-01,0,1
S032,P033,2025-09-01,8,0
S032,P034,2025-09-01,2,1
S032,P035,2025-09-01,5,3
S032,P036,2025-09-01,3,0
S032,P037,2025-09-01,3,0
S032,P038,2025-09-01,0,0
S032,P039,2025-09-01,0,1
S032,P040,2025-09-01,5,0
S032,P041,2025-09-01,5,0
S032,P042,2025-09-01,2,1
S032,P043,2025-09-01,5,1
S032,P044,2025-09-01,0,1
S032,P045,2025-09-01,2,0
S032,P046,2025-09-01,5,1
S032,P047,2025-09-01,3,0
S032,P048,2025-09-01,3,0
S032,P049,2025-09-01,3,4
S032,P050,2025-09-01,6,1
S032,P051,2025-09-01,1,1
S032,P052,2025-09-01,4,0
S032,P053,2025-09-01,2,0
S032,P054,2025-09-01,1,0
S032,P055,2025-09-01,4,0
S032,P056,2025-09-01,6,0
S032,P057,2025-09-01,5,0
S032,P058,2025-09-01,0,0
S032,P059,2025-09-01,1,1
S032,P060,2025-09-01,2,1
S032,P061,2025-09-01,3,0
S032,P062,2025-09-01,4,2
S032,P063,2025-09-01,6,1
S032,P064,2025-09-01,1,0
S032,P065,2025-09-01,3,0
S032,P066,2025-09-01,0,0
S032,P067,2025-09-01,1,0
S032,P068,2025-09-01,1,0
S032,P069,2025-09-01,4,0
S032,P070,2025-09-01,0,2
S032,P071,2025-09-01,3,0
S032,P072,2025-09-01,1,1
S032,P073,2025-09-01,0,0
S032,P074,2025-09-01,0,1
S032,P075,2025-09-01,1,0
S032,P076,2025-09-01,3,0
S032,P077,2025-09-01,3,0
S032,P078,2025-09-01,4,0
S032,P079,2025-09-01,3,1
S032,P080,2025-09-01,6,1
S032,P081,2025-09-01,0,0
S032,P082,2025-09-01,0,1
S032,P083,2025-09-01,0,1
S032,P084,2025-09-01,3,0
S032,P085,2025-09-01,1,0
S032,P086,2025-09-01,5,0
S032,P087,2025-09-01,5,0
S032,P088,2025-09-01,6,1
S032,P089,2025-09-01,0,0
S032,P090,2025-09-01,1,2
S032,P091,2025-09-01,2,1
S032,P092,2025-09-01,0,0
S032,P093,2025-09-01,0,0
S032,P094,2025-09-01,0,2
S032,P095,2025-09-01,5,2
S032,P096,2025-09-01,2,0
S032,P097,2025-09-01,0,0
S032,P098,2025-09-01,8,0
S032,P099,2025-09-01,0,0
S032,P100,2025-09-01,3,1
S034,P001,2025-09-01,2,0
S034,P002,2025-09-01,6,3
S034,P003,2025-09-01,3,2
S034,P004,2025-09-01,2,0
S034,P005,2025-09-01,1,0
S034,P006,2025-09-01,1,2
S034,P007,2025-09-01,3,0
S034,P008,2025-09-01,2,0
S034,P009,2025-09-01,4,0
S034,P010,2025-09-01,0,0
S034,P011,2025-09-01,4,0
S034,P012,2025-09-01,0,0
S034,P013,2025-09-01,0,0
S034,P014,2025-09-01,2,0
S034,P015,2025-09-01,0,0
S034,P016,2025-09-01,4,0
S034,P017,2025-09-01,1,1
S034,P018,2025-09-01,0,1
S034,P019,2025-09-01,0,0
S034,P020,2025-09-01,2,0
S034,P021,2025-09-01,2,0
S034,P022,2025-09-01,6,0
S034,P023,2025-09-01,3,0
S034,P024,2025-09-01,1,0
S034,P025,2025-09-01,0,0
S034,P026,2025-09-01,2,0
S034,P027,2025-09-01,6,2
S034,P028,2025-09-01,1,0
S034,P029,2025-09-01,2,1
S034,P030,2025-09-01,2,0
S034,P031,2025-09-01,0,1
S034,P032,2025-09-01,5,0
S034,P033,2025-09-01,2,0
S034,P034,2025-09-01,2,0
S034,P035,2025-09-01,6,2
S034,P036,2025-09-01,0,1
S034,P037,2025-09-01,0,0
S034,P038,2025-09-01,0,0
S034,P039,2025-09-01,3,0
S034,P040,2025-09-01,0,0
S034,P041,2025-09-01,2,1
S034,P042,2025-09-01,1,1
S034,P043,2025-09-01,2,1
S034,P044,2025-09-01,3,0
S034,P045,2025-09-01,0,0
S034,P046,2025-09-01,6,1
S034,P047,2025-09-01,5,1
S034,P048,2025-09-01,2,0
S034,P049,2025-09-01,0,0
S034,P050,2025-09-01,8,3
S034,P051,2025-09-01,0,0
S034,P052,2025-09-01,0,0
S034,P053,2025-09-01,0,0
S034,P054,2025-09-01,0,1
S034,P055,2025-09-01,1,0
S034,P056,2025-09-01,2,2
S034,P057,2025-09-01,0,0
S034,P058,2025-09-01,2,0
S034,P059,2025-09-01,4,0
S034,P060,2025-09-01,2,0
S034,P061,2025-09-01,2,1
S034,P062,2025-09-01,0,0
S034,P063,2025-09-01,3,0
S034,P064,2025-09-01,1,2
S034,P065,2025-09-01,2,1
S034,P066,2025-09-01,0,1
S034,P067,2025-09-01,0,0
S034,P068,2025-09-01,1,1
S034,P069,2025-09-01,4,0
S034,P070,2025-09-01,1,0
S034,P071,2025-09-01,4,0
S034,P072,2025-09-01,5,0
S034,P073,2025-09-01,2,1
S034,P074,2025-09-01,2,1
S034,P075,2025-09-01,0,0
S034,P076,2025-09-01,2,0
S034,P077,2025-09-01,2,1
S034,P078,2025-09-01,4,0
S034,P079,2025-09-01,3,0
S034,P080,2025-09-01,6,1
S034,P081,2025-09-01,2,0
S034,P082,2025-09-01,0,0
S034,P083,2025-09-01,0,0
S034,P084,2025-09-01,4,1
S034,P085,2025-09-01,1,0
S034,P086,2025-09-01,3,1
S034,P087,2025-09-01,1,0
S034,P088,2025-09-01,2,1
S034,P089,2025-09-01,0,1
S034,P090,2025-09-01,0,0
S034,P091,2025-09-01,2,0
S034,P092,2025-09-01,0,0
S034,P093,2025-09-01,0,0
S034,P094,2025-09-01,2,0
S034,P095,2025-09-01,3,1
S034,P096,2025-09-01,4,0
S034,P097,2025-09-01,1,0
S034,P098,2025-09-01,0,0
S034,P099,2025-09-01,0,0
S034,P100,2025-09-01,0,0
S036,P001,2025-09-01,4,0
S036,P002,2025-09-01,37,8
S036,P003,2025-09-01,0,2
S036,P004,2025-09-01,5,3
S036,P005,2025-09-01,4,3
S036,P006,2025-09-01,11,4
S036,P007,2025-09-01,6,1
S036,P008,2025-09-01,9,3
S036,P009,2025-09-01,0,1
S036,P010,2025-09-01,8,4
S036,P011,2025-09-01,3,2
S036,P012,2025-09-01,7,5
S036,P013,2025-09-01,6,1
S036,P014,2025-09-01,7,1
S036,P015,2025-09-01,4,1
S036,P016,2025-09-01,6,1
S036,P017,2025-09-01,5,1
S036,P018,2025-09-01,2,2
S036,P019,2025-09-01,4,1
S036,P020,2025-09-01,4,1
S036,P021,2025-09-01,6,0
S036,P022,2025-09-01,9,5
S036,P023,2025-09-01,3,0
S036,P024,2025-09-01,4,2
S036,P025,2025-09-01,4,1
S036,P026,2025-09-01,4,2
S036,P027,2025-09-01,25,7
S036,P028,2025-09-01,4,1
S036,P029,2025-09-01,5,1
S036,P030,2025-09-01,2,2
S036,P031,2025-09-01,12,2
S036,P032,2025-09-01,8,3
S036,P033,2025-09-01,6,1
S036,P034,2025-09-01,13,4
S036,P035,2025-09-01,16,8
S036,P036,2025-09-01,0,0
S036,P037,2025-09-01,4,0
S036,P038,2025-09-01,3,4
S036,P039,2025-09-01,6,1
S036,P040,2025-09-01,10,5
S036,P041,2025-09-01,8,4
S036,P042,2025-09-01,6,3
S036,P043,2025-09-01,5,2
S036,P044,2025-09-01,5,2
S036,P045,2025-09-01,0,2
S036,P046,2025-09-01,17,6
S036,P047,2025-09-01,23,7
S036,P048,2025-09-01,1,0
S036,P049,2025-09-01,6,0
S036,P050,2025-09-01,22,12
S036,P051,2025-09-01,4,2
S036,P052,2025-09-01,2,1
S036,P053,2025-09-01,5,1
S036,P054,2025-09-01,1,1
S036,P055,2025-09-01,1,0
S036,P056,2025-09-01,2,4
S036,P057,2025-09-01,2,3
S036,P058,2025-09-01,10,1
S036,P059,2025-09-01,13,2
S036,P060,2025-09-01,12,5
S036,P061,2025-09-01,2,1
S036,P062,2025-09-01,3,0
S036,P063,2025-09-01,30,10
S036,P064,2025-09-01,0,2
S036,P065,2025-09-01,26,6
S036,P066,2025-09-01,3,2
S036,P067,2025-09-01,3,0
S036,P068,2025-09-01,3,0
S036,P069,2025-09-01,0,0
S036,P070,2025-09-01,5,0
S036,P071,2025-09-01,7,3
S036,P072,2025-09-01,5,2
S036,P073,2025-09-01,3,1
S036,P074,2025-09-01,4,1
S036,P075,2025-09-01,2,2
S036,P076,2025-09-01,13,3
S036,P077,2025-09-01,9,3
S036,P078,2025-09-01,5,3
S036,P079,2025-09-01,7,3
S036,P080,2025-09-01,28,10
S036,P081,2025-09-01,0,0
S036,P082,2025-09-01,1,0
S036,P083,2025-09-01,5,0
S036,P084,2025-09-01,6,2
S036,P085,2025-09-01,7,5
S036,P086,2025-09-01,7,2
S036,P087,2025-09-01,7,5
S036,P088,2025-09-01,18,4
S036,P089,2025-09-01,3,1
S036,P090,2025-09-01,2,0
S036,P091,2025-09-01,6,3
S036,P092,2025-09-01,1,1
S036,P093,2025-09-01,3,0
S036,P094,2025-09-01,4,4
S036,P095,2025-09-01,21,6
S036,P096,2025-09-01,20,3
S036,P097,2025-09-01,5,0
S036,P098,2025-09-01,8,4
S036,P099,2025-09-01,5,1
S036,P100,2025-09-01,17,2
S038,P001,2025-09-01,0,0
S038,P002,2025-09-01,11,2
S038,P003,2025-09-01,2,0
S038,P004,2025-09-01,4,2
S038,P005,2025-09-01,3,2
S038,P006,2025-09-01,4,0
S038,P007,2025-09-01,0,0
S038,P008,2025-09-01,0,1
S038,P009,2025-09-01,0,0
S038,P010,2025-09-01,4,0
S038,P011,2025-09-01,2,0
S038,P012,2025-09-01,4,0
S038,P013,2025-09-01,1,0
S038,P014,2025-09-01,3,0
S038,P015,2025-09-01,0,0
S038,P016,2025-09-01,1,0
S038,P017,2025-09-01,2,0
S038,P018,2025-09-01,0,0
S038,P019,2025-09-01,1,0
S038,P020,2025-09-01,0,0
S038,P021,2025-09-01,1,0
S038,P022,2025-09-01,2,0
S038,P023,2025-09-01,0,0
S038,P024,2025-09-01,4,0
S038,P025,2025-09-01,5,0
S038,P026,2025-09-01,0,0
S038,P027,2025-09-01,2,1
S038,P028,2025-09-01,0,0
S038,P029,2025-09-01,0,0
S038,P030,2025-09-01,0,0
S038,P031,2025-09-01,2,1
S038,P032,2025-09-01,0,1
S038,P033,2025-09-01,1,0
S038,P034,2025-09-01,2,0
S038,P035,2025-09-01,1,2
S038,P036,2025-09-01,1,0
S038,P037,2025-09-01,3,0
S038,P038,2025-09-01,1,0
S038,P039,2025-09-01,2,1
S038,P040,2025-09-01,1,0
S038,P041,2025-09-01,3,1
S038,P042,2025-09-01,0,1
S038,P043,2025-09-01,0,0
S038,P044,2025-09-01,5,0
S038,P045,2025-09-01,0,1
S038,P046,2025-09-01,4,3
S038,P047,2025-09-01,4,3
S038,P048,2025-09-01,0,0
S038,P049,2025-09-01,5,0
S038,P050,2025-09-01,5,1
S038,P051,2025-09-01,0,0
S038,P052,2025-09-01,0,0
S038,P053,2025-09-01,0,0
S038,P054,2025-09-01,0,0
S038,P055,2025-09-01,0,0
S038,P056,2025-09-01,4,0
S038,P057,2025-09-01,3,0
S038,P058,2025-09-01,2,1
S038,P059,2025-09-01,0,0
S038,P060,2025-09-01,3,1
S038,P061,2025-09-01,3,0
S038,P062,2025-09-01,2,1
S038,P063,2025-09-01,6,2
S038,P064,2025-09-01,3,2
S038,P065,2025-09-01,1,0
S038,P066,2025-09-01,1,0
S038,P067,2025-09-01,1,0
S038,P068,2025-09-01,0,0
S038,P069,2025-09-01,1,0
S038,P070,2025-09-01,1,1
S038,P071,2025-09-01,3,0
S038,P072,2025-09-01,2,0
S038,P073,2025-09-01,1,0
S038,P074,2025-09-01,0,0
S038,P075,2025-09-01,0,1
S038,P076,2025-09-01,3,2
S038,P077,2025-09-01,1,0
S038,P078,2025-09-01,3,0
S038,P079,2025-09-01,1,2
S038,P080,2025-09-01,6,2
S038,P081,2025-09-01,3,0
S038,P082,2025-09-01,1,0
S038,P083,2025-09-01,0,0
S038,P084,2025-09-01,4,0
S038,P085,2025-09-01,1,0
S038,P086,2025-09-01,0,0
S038,P087,2025-09-01,1,0
S038,P088,2025-09-01,8,1
S038,P089,2025-09-01,0,1
S038,P090,2025-09-01,4,0
S038,P091,2025-09-01,0,0
S038,P092,2025-09-01,0,0
S038,P093,2025-09-01,1,0
S038,P094,2025-09-01,4,0
S038,P095,2025-09-01,6,2
S038,P096,2025-09-01,2,2
S038,P097,2025-09-01,0,0
S038,P098,2025-09-01,0,0
S038,P099,2025-09-01,1,0
S038,P100,2025-09-01,2,2
S040,P001,2025-09-01,0,0
S040,P002,2025-09-01,6,0
S040,P003,2025-09-01,0,1
S040,P004,2025-09-01,0,0
S040,P005,2025-09-01,3,0
S040,P006,2025-09-01,7,0
S040,P007,2025-09-01,3,0
S040,P008,2025-09-01,0,0
S040,P009,2025-09-01,3,0
S040,P010,2025-09-01,5,1
S040,P011,2025-09-01,5,0
S040,P012,2025-09-01,2,0
S040,P013,2025-09-01,1,0
S040,P014,2025-09-01,5,2
S040,P015,2025-09-01,0,1
S040,P016,2025-09-01,0,0
S040,P017,2025-09-01,1,2
S040,P018,2025-09-01,0,0
S040,P019,2025-09-01,4,2
S040,P020,2025-09-01,0,0
S040,P021,2025-09-01,0,1
S040,P022,2025-09-01,4,1
S040,P023,2025-09-01,0,0
S040,P024,2025-09-01,1,0
S040,P025,2025-09-01,1,0
S040,P026,2025-09-01,4,1
S040,P027,2025-09-01,4,1
S040,P028,2025-09-01,0,0
S040,P029,2025-09-01,0,0
S040,P030,2025-09-01,3,0
S040,P031,2025-09-01,0,0
S040,P032,2025-09-01,3,0
S040,P033,2025-09-01,2,0
S040,P034,2025-09-01,1,1
S040,P035,2025-09-01,2,0
S040,P036,2025-09-01,0,0
S040,P037,2025-09-01,1,1
S040,P038,2025-09-01,0,0
S040,P039,2025-09-01,1,0
S040,P040,2025-09-01,3,1
S040,P041,2025-09-01,0,1
S040,P042,2025-09-01,1,1
S040,P043,2025-09-01,2,0
S040,P044,2025-09-01,2,0
S040,P045,2025-09-01,0,0
S040,P046,2025-09-01,5,2
S040,P047,2025-09-01,3,0
S040,P048,2025-09-01,3,0
S040,P049,2025-09-01,1,1
S040,P050,2025-09-01,6,3
S040,P051,2025-09-01,3,0
S040,P052,2025-09-01,0,0
S040,P053,2025-09-01,0,0
S040,P054,2025-09-01,0,0
S040,P055,2025-09-01,0,0
S040,P056,2025-09-01,3,1
S040,P057,2025-09-01,0,0
S040,P058,2025-09-01,0,0
S040,P059,2025-09-01,2,1
S040,P060,2025-09-01,4,0
S040,P061,2025-09-01,4,0
S040,P062,2025-09-01,0,0
S040,P063,2025-09-01,8,1
S040,P064,2025-09-01,0,0
S040,P065,2025-09-01,2,0
S040,P066,2025-09-01,0,0
S040,P067,2025-09-01,0,0
S040,P068,2025-09-01,1,1
S040,P069,2025-09-01,0,1
S040,P070,2025-09-01,3,0
S040,P071,2025-09-01,3,1
S040,P072,2025-09-01,3,0
S040,P073,2025-09-01,1,0
S040,P074,2025-09-01,0,1
S040,P075,2025-09-01,3,0
S040,P076,2025-09-01,2,1
S040,P077,2025-09-01,2,2
S040,P078,2025-09-01,1,0
S040,P079,2025-09-01,1,0
S040,P080,2025-09-01,7,1
S040,P081,2025-09-01,0,1
S040,P082,2025-09-01,1,0
S040,P083,2025-09-01,2,2
S040,P084,2025-09-01,5,0
S040,P085,2025-09-01,5,1
S040,P086,2025-09-01,4,2
S040,P087,2025-09-01,2,0
S040,P088,2025-09-01,0,1
S040,P089,2025-09-01,2,0
S040,P090,2025-09-01,0,0
S040,P091,2025-09-01,3,2
S040,P092,2025-09-01,3,0
S040,P093,2025-09-01,2,0
S040,P094,2025-09-01,2,1
S040,P095,2025-09-01,3,1
S040,P096,2025-09-01,4,0
S040,P097,2025-09-01,0,0
S040,P098,2025-09-01,4,1
S040,P099,2025-09-01,1,0
S040,P100,2025-09-01,4,0
S042,P001,2025-09-01,3,0
S042,P002,2025-09-01,8,2
S042,P003,2025-09-01,1,0
S042,P004,2025-09-01,1,2
S042,P005,2025-09-01,0,2
S042,P006,2025-09-01,0,0
S042,P007,2025-09-01,3,0
S042,P008,2025-09-01,0,0
S042,P009,2025-09-01,0,2
S042,P010,2025-09-01,0,1
S042,P011,2025-09-01,2,1
S042,P012,2025-09-01,3,0
S042,P013,2025-09-01,0,1
S042,P014,2025-09-01,2,1
S042,P015,2025-09-01,3,1
S042,P016,2025-09-01,1,0
S042,P017,2025-09-01,1,0
S042,P018,2025-09-01,2,0
S042,P019,2025-09-01,5,0
S042,P020,2025-09-01,1,0
S042,P021,2025-09-01,0,0
S042,P022,2025-09-01,4,0
S042,P023,2025-09-01,0,0
S042,P024,2025-09-01,3,0
S042,P025,2025-09-01,0,0
S042,P026,2025-09-01,3,0
S042,P027,2025-09-01,8,0
S042,P028,2025-09-01,3,1
S042,P029,2025-09-01,2,1
S042,P030,2025-09-01,1,0
S042,P031,2025-09-01,1,0
S042,P032,2025-09-01,4,0
S042,P033,2025-09-01,3,1
S042,P034,2025-09-01,2,0
S042,P035,2025-09-01,5,1
S042,P036,2025-09-01,0,0
S042,P037,2025-09-01,3,0
S042,P038,2025-09-01,0,1
S042,P039,2025-09-01,0,0
S042,P040,2025-09-01,3,1
S042,P041,2025-09-01,2,1
S042,P042,2025-09-01,2,0
S042,P043,2025-09-01,1,1
S042,P044,2025-09-01,3,0
S042,P045,2025-09-01,0,0
S042,P046,2025-09-01,4,1
S042,P047,2025-09-01,6,1
S042,P048,2025-09-01,2,0
S042,P049,2025-09-01,0,0
S042,P050,2025-09-01,2,1
S042,P051,2025-09-01,1,0
S042,P052,2025-09-01,0,1
S042,P053,2025-09-01,6,0
S042,P054,2025-09-01,0,0
S042,P055,2025-09-01,2,0
S042,P056,2025-09-01,3,0
S042,P057,2025-09-01,0,0
S042,P058,2025-09-01,2,0
S042,P059,2025-09-01,4,0
S042,P060,2025-09-01,2,0
S042,P061,2025-09-01,0,0
S042,P062,2025-09-01,1,0
S042,P063,2025-09-01,4,2
S042,P064,2025-09-01,0,2
S042,P065,2025-09-01,3,0
S042,P066,2025-09-01,0,0
S042,P067,2025-09-01,3,0
S042,P068,2025-09-01,0,0
S042,P069,2025-09-01,3,0
S042,P070,2025-09-01,1,1
S042,P071,2025-09-01,0,0
S042,P072,2025-09-01,0,0
S042,P073,2025-09-01,3,0
S042,P074,2025-09-01,1,0
S042,P075,2025-09-01,3,0
S042,P076,2025-09-01,2,1
S042,P077,2025-09-01,2,1
S042,P078,2025-09-01,0,0
S042,P079,2025-09-01,0,1
S042,P080,2025-09-01,5,2
S042,P081,2025-09-01,0,0
S042,P082,2025-09-01,5,1
S042,P083,2025-09-01,0,0
S042,P084,2025-09-01,0,3
S042,P085,2025-09-01,1,1
S042,P086,2025-09-01,1,0
S042,P087,2025-09-01,0,1
S042,P088,2025-09-01,5,1
S042,P089,2025-09-01,0,0
S042,P090,2025-09-01,1,0
S042,P091,2025-09-01,0,0
S042,P092,2025-09-01,1,2
S042,P093,2025-09-01,0,0
S042,P094,2025-09-01,3,0
S042,P095,2025-09-01,3,0
S042,P096,2025-09-01,2,1
S042,P097,2025-09-01,0,0
S042,P098,2025-09-01,4,1
S042,P099,2025-09-01,2,0
S042,P100,2025-09-01,1,0
